DATE,PRCP,TAVG,TMAX,TMIN
6/1/07,0.19,,85,62
6/2/07,0.04,,81,65
6/3/07,0.01,,78,62
6/4/07,0.39,,71,58
6/5/07,0.42,,64,47
6/6/07,0.01,,71,44
6/7/07,0,,91,71
6/8/07,0,,81,57
6/9/07,0,,79,52
6/10/07,0,,81,55
6/11/07,0,,86,58
6/12/07,0,,83,62
6/13/07,0,,87,60
6/14/07,0,,89,64
6/15/07,0,,91,63
6/16/07,0,,93,66
6/17/07,0,,91,70
6/18/07,0.28,,89,69
6/19/07,0.58,,80,65
6/20/07,0,,84,61
6/21/07,0.01,,77,61
6/22/07,0,,76,61
6/23/07,0.05,,67,62
6/24/07,0,,77,63
6/25/07,0,,89,65
6/26/07,0.16,,92,70
6/27/07,0.15,,91,71
6/28/07,0,,74,58
6/29/07,0,,70,56
6/30/07,0,,79,54
7/1/07,0,,75,54
7/2/07,0,,79,53
7/3/07,0.4,,83,60
7/4/07,0.16,,86,67
7/5/07,0,,89,71
7/6/07,0,,86,66
7/7/07,0,,90,64
7/8/07,0,,94,75
7/9/07,0.3,,94,70
7/10/07,0.43,,89,69
7/11/07,0,,77,62
7/12/07,0,,80,61
7/13/07,0,,78,58
7/14/07,0,,84,61
7/15/07,0,,82,60
7/16/07,0.39,,82,65
7/17/07,0.11,,83,68
7/18/07,1.55,,85,69
7/19/07,0.16,,83,63
7/20/07,0,,75,58
7/21/07,0,,74,58
7/22/07,0,,81,58
7/23/07,0,,83,60
7/24/07,0,,82,65
7/25/07,0,,85,71
7/26/07,0.19,,83,66
7/27/07,0.17,,83,70
7/28/07,0,,80,66
7/29/07,0,,85,63
7/30/07,0,,89,62
7/31/07,0,,91,68
8/1/07,0,,92,69
8/2/07,0,,91,70
8/3/07,0,,90,69
8/4/07,0.03,,81,64
8/5/07,1.43,,88,67
8/6/07,0.26,,88,74
8/7/07,1.31,,91,72
8/8/07,0.06,,87,73
8/9/07,0.05,,84,72
8/10/07,0,,86,70
8/11/07,0,,89,67
8/12/07,0.29,,88,67
8/13/07,0,,81,65
8/14/07,0.41,,84,65
8/15/07,0.23,,80,71
8/16/07,0,,77,65
8/17/07,0,,79,60
8/18/07,0.09,,68,59
8/19/07,1.33,,68,62
8/20/07,0.91,,78,68
8/21/07,0,,87,69
8/22/07,0.37,,90,69
8/23/07,2.35,,87,69
8/24/07,0.24,,80,69
8/25/07,0.34,,79,64
8/26/07,0,,79,60
8/27/07,0,,79,60
8/28/07,0,,91,67
8/29/07,0,,85,68
8/30/07,0,,75,57
8/31/07,0,,77,57
9/1/07,0,,81,57
9/2/07,0,,85,61
9/3/07,0,,88,66
9/4/07,0,,89,63
9/5/07,0,,90,66
9/6/07,0.18,,82,73
9/7/07,0.19,,84,70
9/8/07,0,,78,64
9/9/07,0,,80,63
9/10/07,0.36,,74,54
9/11/07,0,,71,50
9/12/07,0,,67,46
9/13/07,0,,78,50
9/14/07,0,,66,45
9/15/07,0,,61,39
9/16/07,0,,71,44
9/17/07,0,,80,52
9/18/07,0,,88,63
9/19/07,0,,84,65
9/20/07,0,,78,60
9/21/07,0,,88,64
9/22/07,0,,74,51
9/23/07,0,,84,50
9/24/07,0,,90,68
9/25/07,0.27,,85,63
9/26/07,0.09,,69,53
9/27/07,0,,75,49
9/28/07,0,,73,53
9/29/07,0,,80,50
9/30/07,0.14,,83,59
10/1/07,0.29,,69,59
10/2/07,0.09,,78,57
10/3/07,0,,74,55
10/4/07,0,,82,51
10/5/07,0,,84,62
10/6/07,0,,87,69
10/7/07,0,,87,67
10/8/07,0,,87,60
10/9/07,0,,76,49
10/10/07,0,,54,47
10/11/07,0,,54,46
10/12/07,0,,56,41
10/13/07,0,,59,40
10/14/07,0.15,,61,53
10/15/07,0.07,,74,51
10/16/07,0.24,,67,52
10/17/07,0.04,,72,47
10/18/07,0.3,,78,59
10/19/07,0.01,,60,52
10/20/07,0,,73,47
10/21/07,0,,80,60
10/22/07,0.16,,67,46
10/23/07,0,,58,43
10/24/07,0,,55,43
10/25/07,0,,55,45
10/26/07,0.33,,65,53
10/27/07,0.01,,55,37
10/28/07,0,,56,34
10/29/07,0,,61,39
10/30/07,0,,66,41
10/31/07,0,,62,41
11/1/07,0,,54,35
11/2/07,0,,57,31
11/3/07,0,,55,36
11/4/07,0.01,,53,37
11/5/07,0,,54,37
11/6/07,0,,45,33
11/7/07,0,,43,31
11/8/07,0,,51,36
11/9/07,0,,48,32
11/10/07,0,,50,28
11/11/07,0.06,,57,42
11/12/07,0,,66,44
11/13/07,0,,60,33
11/14/07,0,,56,39
11/15/07,0,,40,28
11/16/07,0,,41,24
11/17/07,0.04,,46,34
11/18/07,0.01,,43,37
11/19/07,0,,59,38
11/20/07,0.3,,55,45
11/21/07,0.83,,45,33
11/22/07,0.01,,33,25
11/23/07,0,,32,22
11/24/07,0,,38,27
11/25/07,0,,38,28
11/26/07,0,,39,31
11/27/07,0,,35,24
11/28/07,0,,48,23
11/29/07,0,,34,18
11/30/07,0,,36,20
12/1/07,0.63,,34,19
12/2/07,0.23,,45,27
12/3/07,0,,29,19
12/4/07,0.23,,33,22
12/5/07,0.18,,30,9
12/6/07,0.04,,24,0
12/7/07,0,,30,24
12/8/07,0.04,,24,13
12/9/07,0.02,,29,22
12/10/07,0,,32,25
12/11/07,0.67,,33,27
12/12/07,0,,36,23
12/13/07,0,,34,28
12/14/07,0,,28,18
12/15/07,0.17,,31,25
12/16/07,0.17,,29,17
12/17/07,0,,23,15
12/18/07,0,,37,21
12/19/07,0,,34,22
12/20/07,0.06,,38,23
12/21/07,0.06,,38,33
12/22/07,0.11,,50,36
12/23/07,0.24,,52,14
12/24/07,0,,26,20
12/25/07,0,,42,21
12/26/07,0,,45,24
12/27/07,0.07,,38,30
12/28/07,0.28,,34,30
12/29/07,0,,30,20
12/30/07,0.03,,35,18
12/31/07,0.26,,33,25
1/1/08,0.05,,27,4
1/2/08,0,,20,2
1/3/08,0,,23,0
1/4/08,0,,36,22
1/5/08,0,,43,35
1/6/08,0.01,,60,41
1/7/08,0.03,,65,51
1/8/08,0.66,,56,37
1/9/08,0,,39,30
1/10/08,0.3,,44,32
1/11/08,0.01,,36,28
1/12/08,0,,41,25
1/13/08,0,,37,27
1/14/08,0.02,,27,15
1/15/08,0,,26,13
1/16/08,0,,40,20
1/17/08,0.08,,33,12
1/18/08,0,,27,6
1/19/08,0,,6,-3
1/20/08,0,,10,-5
1/21/08,0.1,,27,8
1/22/08,0.08,,29,10
1/23/08,0.04,,14,5
1/24/08,0,,10,-4
1/25/08,0.03,,20,-5
1/26/08,0.05,,32,19
1/27/08,0,,35,6
1/28/08,0.02,,44,20
1/29/08,0.2,,48,2
1/30/08,0,,12,-2
1/31/08,0.25,,26,10
2/1/08,0.14,,30,24
2/2/08,0,,30,25
2/3/08,0.16,,32,25
2/4/08,0.33,,44,32
2/5/08,0.18,,40,32
2/6/08,0.54,,34,26
2/7/08,0,,27,24
2/8/08,0.07,,38,23
2/9/08,0,,36,16
2/10/08,0,,16,-4
2/11/08,0,,15,-3
2/12/08,0.13,,22,13
2/13/08,0,,21,7
2/14/08,0,,34,13
2/15/08,0,,24,9
2/16/08,0.01,,33,5
2/17/08,1.1,,47,30
2/18/08,0,,32,7
2/19/08,0,,14,4
2/20/08,0.02,,19,5
2/21/08,0,,23,8
2/22/08,0,,27,21
2/23/08,0,,33,19
2/24/08,0,,36,17
2/25/08,0.46,,34,31
2/26/08,0.25,,32,20
2/27/08,0,,23,15
2/28/08,0.02,,26,8
2/29/08,0.12,,38,23
3/1/08,0,,33,21
3/2/08,0.07,,57,32
3/3/08,0.61,,56,24
3/4/08,0,,31,21
3/5/08,0,,36,21
3/6/08,0,,32,21
3/7/08,0,,26,14
3/8/08,0.01,,25,14
3/9/08,0,,35,20
3/10/08,0,,35,25
3/11/08,0,,48,23
3/12/08,0,,44,28
3/13/08,0,,57,35
3/14/08,0,,57,30
3/15/08,0,,39,27
3/16/08,0,,37,26
3/17/08,0.02,,39,30
3/18/08,0.06,,42,36
3/19/08,0,,48,33
3/20/08,0,,49,28
3/21/08,0.58,,34,29
3/22/08,0.08,,37,27
3/23/08,0,,42,26
3/24/08,0,,39,27
3/25/08,0,,58,35
3/26/08,0,,51,31
3/27/08,0.47,,45,32
3/28/08,0,,40,27
3/29/08,0,,44,26
3/30/08,0.03,,42,36
3/31/08,0.7,,60,39
4/1/08,0,,58,32
4/2/08,0,,50,28
4/3/08,0.19,,53,35
4/4/08,0.01,,54,38
4/5/08,0,,63,37
4/6/08,0,,64,37
4/7/08,0.01,,53,42
4/8/08,0.61,,45,40
4/9/08,0,,52,37
4/10/08,0.84,,53,37
4/11/08,0.03,,64,40
4/12/08,0.22,,42,33
4/13/08,0.04,,42,32
4/14/08,0,,50,33
4/15/08,0,,59,31
4/16/08,0,,73,45
4/17/08,0,,69,45
4/18/08,0,,75,45
4/19/08,0.06,,65,47
4/20/08,0,,72,44
4/21/08,0,,75,42
4/22/08,0,,74,49
4/23/08,0,,74,53
4/24/08,0.07,,74,54
4/25/08,0.23,,82,44
4/26/08,0,,57,38
4/27/08,0,,54,38
4/28/08,0.41,,46,35
4/29/08,0,,44,31
4/30/08,0,,57,31
5/1/08,0,,74,48
5/2/08,1.28,,74,51
5/3/08,0,,56,43
5/4/08,0,,65,38
5/5/08,0,,75,50
5/6/08,0,,81,46
5/7/08,0.76,,70,49
5/8/08,0,,59,45
5/9/08,0,,58,41
5/10/08,0,,61,38
5/11/08,0.95,,58,46
5/12/08,0,,56,40
5/13/08,0.08,,73,40
5/14/08,0.02,,64,45
5/15/08,0,,57,43
5/16/08,0,,73,40
5/17/08,0.12,,73,52
5/18/08,0,,55,44
5/19/08,0,,60,40
5/20/08,0,,66,47
5/21/08,0,,66,41
5/22/08,0,,59,45
5/23/08,0,,57,46
5/24/08,0,,67,40
5/25/08,0,,78,44
5/26/08,0.48,,81,47
5/27/08,0,,50,42
5/28/08,0,,62,43
5/29/08,0.01,,67,42
5/30/08,0.4,,77,55
5/31/08,0,,79,59
6/1/08,0,,74,53
6/2/08,0,,86,56
6/3/08,0.52,,69,55
6/4/08,0,,78,54
6/5/08,0.64,,87,60
6/6/08,0,,87,73
6/7/08,0.11,,85,69
6/8/08,1.24,,85,64
6/9/08,0.14,,74,65
6/10/08,0,,79,59
6/11/08,0,,86,61
6/12/08,0,,91,73
6/13/08,0.39,,82,65
6/14/08,0,,84,59
6/15/08,0.18,,81,61
6/16/08,0,,72,59
6/17/08,0,,76,55
6/18/08,0,,77,56
6/19/08,0,,81,52
6/20/08,0.09,,82,58
6/21/08,0.01,,82,61
6/22/08,0.16,,82,57
6/23/08,0,,77,56
6/24/08,0,,82,55
6/25/08,0.08,,79,66
6/26/08,0,,86,70
6/27/08,0,,84,66
6/28/08,0.04,,83,64
6/29/08,0.58,,75,60
6/30/08,0,,80,59
7/1/08,0,,83,58
7/2/08,0.2,,87,63
7/3/08,0,,71,55
7/4/08,0,,76,52
7/5/08,0,,80,54
7/6/08,0,,87,59
7/7/08,0.03,,87,71
7/8/08,0.03,,85,70
7/9/08,0,,85,67
7/10/08,0.72,,82,64
7/11/08,0.34,,88,64
7/12/08,0.73,,81,65
7/13/08,0,,79,62
7/14/08,0,,84,62
7/15/08,0,,90,61
7/16/08,0,,90,71
7/17/08,0,,89,71
7/18/08,0.04,,86,74
7/19/08,1.61,,78,67
7/20/08,0.74,,86,68
7/21/08,0.13,,83,68
7/22/08,0,,77,63
7/23/08,0,,81,60
7/24/08,0,,82,59
7/25/08,0,,82,61
7/26/08,0,,84,65
7/27/08,0,,83,62
7/28/08,0,,85,66
7/29/08,0.05,,88,65
7/30/08,0,,89,72
7/31/08,0.14,,89,72
8/1/08,1.05,,89,68
8/2/08,0,,81,65
8/3/08,0,,84,61
8/4/08,2.43,,87,70
8/5/08,0,,87,69
8/6/08,0,,84,67
8/7/08,0,,82,64
8/8/08,0,,79,63
8/9/08,0,,80,62
8/10/08,0,,74,58
8/11/08,0,,77,59
8/12/08,0,,77,61
8/13/08,0.06,,79,66
8/14/08,0,,79,63
8/15/08,0,,78,61
8/16/08,0,,83,58
8/17/08,0,,84,63
8/18/08,0,,85,65
8/19/08,0,,82,63
8/20/08,0,,81,65
8/21/08,0,,82,68
8/22/08,0.09,,83,72
8/23/08,0,,87,68
8/24/08,0,,77,63
8/25/08,0,,74,64
8/26/08,0,,76,61
8/27/08,0,,83,61
8/28/08,0.06,,80,63
8/29/08,0.04,,85,64
8/30/08,0,,87,56
8/31/08,0,,90,60
9/1/08,0,,90,62
9/2/08,0,,94,65
9/3/08,0.02,,77,66
9/4/08,2.9,,67,61
9/5/08,0,,70,57
9/6/08,0.01,,74,53
9/7/08,0,,74,55
9/8/08,1.23,,67,52
9/9/08,0,,69,49
9/10/08,0,,72,48
9/11/08,0,,79,55
9/12/08,0.37,,73,69
9/13/08,6.64,,75,68
9/14/08,1.44,,72,58
9/15/08,0,,63,53
9/16/08,0,,71,49
9/17/08,0,,82,57
9/18/08,0,,74,56
9/19/08,0,,77,54
9/20/08,0,,82,56
9/21/08,0,,80,58
9/22/08,0,,81,61
9/23/08,0,,82,59
9/24/08,0.2,,82,57
9/25/08,0,,77,63
9/26/08,0,,79,59
9/27/08,0,,81,53
9/28/08,0,,68,57
9/29/08,0.82,,64,54
9/30/08,0,,59,48
10/1/08,0,,61,46
10/2/08,0,,61,42
10/3/08,0.01,,60,44
10/4/08,0,,61,38
10/5/08,0.06,,61,41
10/6/08,0,,69,54
10/7/08,0.8,,63,56
10/8/08,0.19,,64,50
10/9/08,0,,69,47
10/10/08,0,,72,42
10/11/08,0,,79,51
10/12/08,0,,84,57
10/13/08,0,,77,61
10/14/08,0,,69,53
10/15/08,0.3,,63,47
10/16/08,0,,59,43
10/17/08,0,,57,43
10/18/08,0.05,,60,43
10/19/08,0,,62,40
10/20/08,0.18,,55,43
10/21/08,0,,55,38
10/22/08,0,,52,35
10/23/08,0.16,,58,41
10/24/08,0.32,,54,44
10/25/08,0,,53,43
10/26/08,0,,56,37
10/27/08,0,,47,33
10/28/08,0,,45,31
10/29/08,0,,51,32
10/30/08,0,,62,31
10/31/08,0,,70,48
11/1/08,0,,54,48
11/2/08,0.1,,67,48
11/3/08,0,,73,54
11/4/08,0,,71,50
11/5/08,0,,71,47
11/6/08,0.34,,65,45
11/7/08,0.06,,47,35
11/8/08,0.05,,40,35
11/9/08,0,,39,30
11/10/08,0,,39,26
11/11/08,0.29,,38,23
11/12/08,0.04,,48,38
11/13/08,0.06,,55,44
11/14/08,0.05,,52,42
11/15/08,0,,42,35
11/16/08,0.01,,37,29
11/17/08,0,,36,26
11/18/08,0,,34,21
11/19/08,0,,44,29
11/20/08,0,,36,22
11/21/08,0,,29,17
11/22/08,0,,35,17
11/23/08,0,,45,20
11/24/08,0.14,,38,32
11/25/08,0,,40,28
11/26/08,0,,42,24
11/27/08,0,,45,22
11/28/08,0,,44,26
11/29/08,0,,44,20
11/30/08,0.67,,39,33
12/1/08,0.42,,33,21
12/2/08,0,,35,21
12/3/08,0.09,,38,20
12/4/08,0,,22,12
12/5/08,0,,23,7
12/6/08,0.02,,32,13
12/7/08,0,,20,4
12/8/08,0.02,,38,16
12/9/08,1.47,,38,25
12/10/08,0,,29,18
12/11/08,0,,32,17
12/12/08,0,,21,11
12/13/08,0.19,,39,19
12/14/08,0.18,,50,31
12/15/08,0.07,,31,5
12/16/08,0.31,,22,6
12/17/08,0,,20,6
12/18/08,0.06,,23,3
12/19/08,0.59,,32,22
12/20/08,0.05,,31,17
12/21/08,0,,16,-6
12/22/08,0,,7,-4
12/23/08,0.27,,34,7
12/24/08,0.18,,34,6
12/25/08,0,,24,0
12/26/08,0.09,,52,24
12/27/08,1.74,,61,32
12/28/08,0,,32,24
12/29/08,0,,43,29
12/30/08,0.02,,40,24
12/31/08,0,,24,11
1/1/09,0,,31,17
1/2/09,0,,30,18
1/3/09,0.01,,36,17
1/4/09,0.1,,37,17
1/5/09,0,,29,11
1/6/09,0.04,,30,16
1/7/09,0.02,,29,13
1/8/09,0,,21,12
1/9/09,0.27,,29,12
1/10/09,0.35,,29,20
1/11/09,0,,20,13
1/12/09,0.1,,29,3
1/13/09,0,,29,-2
1/14/09,0.16,,14,-2
1/15/09,0,,-1,-13
1/16/09,0,,3,-18
1/17/09,0,,24,3
1/18/09,0,,17,8
1/19/09,0,,23,9
1/20/09,0,,24,11
1/21/09,0,,28,13
1/22/09,0,,33,14
1/23/09,0,,34,13
1/24/09,0,,13,-1
1/25/09,0,,13,-2
1/26/09,0,,17,-1
1/27/09,0.04,,20,7
1/28/09,0.07,,18,8
1/29/09,0,,30,14
1/30/09,0,,14,4
1/31/09,0,,38,7
2/1/09,0,,36,24
2/2/09,0,,26,8
2/3/09,0,,20,1
2/4/09,0,,17,0
2/5/09,0,,25,-4
2/6/09,0,,42,8
2/7/09,0,,56,36
2/8/09,0,,43,25
2/9/09,0.12,,53,26
2/10/09,0,,61,41
2/11/09,0.83,,50,36
2/12/09,0,,38,30
2/13/09,0.04,,36,25
2/14/09,0.01,,34,23
2/15/09,0,,31,19
2/16/09,0,,33,17
2/17/09,0,,43,26
2/18/09,0.22,,38,17
2/19/09,0,,23,11
2/20/09,0,,28,12
2/21/09,0.14,,29,20
2/22/09,0,,24,13
2/23/09,0,,27,9
2/24/09,0,,39,17
2/25/09,0.01,,54,35
2/26/09,1.95,,53,32
2/27/09,0.07,,46,21
2/28/09,0,,27,20
3/1/09,0,,22,14
3/2/09,0.01,,22,14
3/3/09,0,,30,16
3/4/09,0,,44,26
3/5/09,0,,65,36
3/6/09,0,,65,39
3/7/09,0.87,,45,39
3/8/09,1.67,,44,33
3/9/09,0.08,,44,33
3/10/09,0.51,,61,33
3/11/09,0,,33,17
3/12/09,0,,26,14
3/13/09,0,,40,19
3/14/09,0,,52,23
3/15/09,0,,58,28
3/16/09,0,,65,39
3/17/09,0,,74,41
3/18/09,0,,57,42
3/19/09,0,,46,28
3/20/09,0,,44,23
3/21/09,0,,61,37
3/22/09,0,,61,36
3/23/09,0.04,,56,38
3/24/09,0.16,,69,48
3/25/09,0,,48,37
3/26/09,0,,57,35
3/27/09,0,,43,32
3/28/09,0.47,,38,32
3/29/09,0.95,,41,31
3/30/09,0,,45,27
3/31/09,0.44,,53,37
4/1/09,0,,53,36
4/2/09,0.14,,50,37
4/3/09,0.04,,50,37
4/4/09,0,,50,31
4/5/09,0.51,,43,33
4/6/09,0,,40,32
4/7/09,0,,49,29
4/8/09,0,,55,30
4/9/09,0,,58,31
4/10/09,0,,47,38
4/11/09,0,,47,31
4/12/09,0,,51,27
4/13/09,0.29,,46,36
4/14/09,0,,44,36
4/15/09,0,,57,36
4/16/09,0,,62,33
4/17/09,0,,70,32
4/18/09,0,,73,40
4/19/09,0.9,,61,45
4/20/09,0.17,,53,38
4/21/09,0.09,,44,37
4/22/09,0,,61,37
4/23/09,0.32,,67,37
4/24/09,0,,84,49
4/25/09,0.84,,77,41
4/26/09,0.57,,78,43
4/27/09,0.55,,72,50
4/28/09,0.04,,51,42
4/29/09,0.02,,55,46
4/30/09,0.71,,63,54
5/1/09,0.02,,60,46
5/2/09,0,,66,44
5/3/09,0,,70,43
5/4/09,0,,70,43
5/5/09,0,,71,49
5/6/09,0.67,,75,51
5/7/09,0.19,,77,56
5/8/09,0.02,,77,53
5/9/09,0,,63,46
5/10/09,0,,67,40
5/11/09,0,,61,39
5/12/09,0,,71,39
5/13/09,0.55,,70,53
5/14/09,0,,68,53
5/15/09,0.39,,61,52
5/16/09,0,,62,45
5/17/09,0,,63,39
5/18/09,0,,66,40
5/19/09,0,,80,52
5/20/09,0,,84,61
5/21/09,0,,84,60
5/22/09,0,,69,53
5/23/09,0,,80,50
5/24/09,0,,71,55
5/25/09,0.04,,67,54
5/26/09,1.73,,74,53
5/27/09,0.02,,73,55
5/28/09,0,,62,54
5/29/09,0,,74,50
5/30/09,0,,79,50
5/31/09,0,,73,45
6/1/09,0.44,,78,51
6/2/09,0.12,,60,48
6/3/09,0,,61,43
6/4/09,0,,68,42
6/5/09,0,,79,44
6/6/09,0.02,,63,51
6/7/09,0.04,,73,52
6/8/09,0.45,,80,52
6/9/09,0,,67,55
6/10/09,0.01,,67,54
6/11/09,0.01,,64,53
6/12/09,0,,74,49
6/13/09,0.33,,68,54
6/14/09,0,,77,51
6/15/09,0,,81,53
6/16/09,1.23,,71,59
6/17/09,0,,71,61
6/18/09,0.12,,80,61
6/19/09,3.97,,86,65
6/20/09,0,,87,68
6/21/09,0.01,,84,70
6/22/09,0.09,,89,68
6/23/09,0,,94,71
6/24/09,0.04,,94,75
6/25/09,0,,94,75
6/26/09,0,,86,69
6/27/09,0.3,,89,62
6/28/09,0,,83,66
6/29/09,0,,77,63
6/30/09,0,,66,59
7/1/09,0,,65,57
7/2/09,0,,73,59
7/3/09,0,,79,63
7/4/09,0.2,,69,59
7/5/09,0.05,,81,57
7/6/09,0,,86,60
7/7/09,0,,77,59
7/8/09,0.06,,65,61
7/9/09,0,,79,59
7/10/09,0.08,,82,63
7/11/09,0.25,,85,63
7/12/09,0,,82,58
7/13/09,0,,79,61
7/14/09,0,,80,55
7/15/09,0.68,,85,65
7/16/09,0,,80,64
7/17/09,0,,70,57
7/18/09,0,,72,57
7/19/09,0,,71,57
7/20/09,0,,76,55
7/21/09,0.04,,80,58
7/22/09,0,,78,63
7/23/09,0,,82,62
7/24/09,0.14,,83,61
7/25/09,0,,81,66
7/26/09,0,,82,63
7/27/09,0.02,,84,64
7/28/09,0.01,,84,66
7/29/09,0,,81,62
7/30/09,0,,79,59
7/31/09,0,,81,58
8/1/09,0,,75,61
8/2/09,0,,78,57
8/3/09,0.07,,84,67
8/4/09,0,,85,67
8/5/09,0,,79,61
8/6/09,0,,82,60
8/7/09,0.33,,74,64
8/8/09,0.02,,89,68
8/9/09,0.18,,91,77
8/10/09,0,,85,70
8/11/09,0,,82,62
8/12/09,0,,83,60
8/13/09,0,,86,60
8/14/09,0,,88,63
8/15/09,0,,89,67
8/16/09,0.63,,88,70
8/17/09,0.33,,83,70
8/18/09,0,,83,65
8/19/09,0.35,,83,59
8/20/09,0.07,,78,64
8/21/09,0.16,,73,59
8/22/09,0,,68,57
8/23/09,0,,74,56
8/24/09,0,,79,54
8/25/09,0,,83,59
8/26/09,0.93,,73,62
8/27/09,0.95,,67,61
8/28/09,0.22,,68,60
8/29/09,0.02,,69,56
8/30/09,0,,66,51
8/31/09,0,,68,49
9/1/09,0,,72,47
9/2/09,0,,73,50
9/3/09,0,,75,56
9/4/09,0,,75,54
9/5/09,0,,78,54
9/6/09,0.03,,77,61
9/7/09,0,,77,59
9/8/09,0,,78,60
9/9/09,0,,78,65
9/10/09,0,,81,64
9/11/09,0,,80,61
9/12/09,0,,79,58
9/13/09,0,,80,58
9/14/09,0,,84,58
9/15/09,0,,82,64
9/16/09,0,,71,59
9/17/09,0,,72,50
9/18/09,0,,79,50
9/19/09,0,,76,55
9/20/09,0.75,,73,54
9/21/09,0,,67,60
9/22/09,0,,77,59
9/23/09,0,,76,62
9/24/09,0,,73,64
9/25/09,0.16,,70,60
9/26/09,0,,69,55
9/27/09,0.08,,74,50
9/28/09,0.01,,62,49
9/29/09,0,,60,48
9/30/09,0,,62,47
10/1/09,0.89,,59,41
10/2/09,0.21,,56,47
10/3/09,0.11,,57,47
10/4/09,0,,60,45
10/5/09,0,,62,43
10/6/09,0.03,,61,49
10/7/09,0,,60,45
10/8/09,0.12,,53,45
10/9/09,0.46,,52,39
10/10/09,0,,48,31
10/11/09,0,,44,29
10/12/09,0.02,,48,41
10/13/09,0,,47,34
10/14/09,0.03,,48,42
10/15/09,0.29,,44,41
10/16/09,0.04,,45,39
10/17/09,0,,52,36
10/18/09,0,,53,31
10/19/09,0,,65,44
10/20/09,0.03,,62,48
10/21/09,0,,69,55
10/22/09,1.03,,58,48
10/23/09,0.89,,61,42
10/24/09,0.04,,50,38
10/25/09,0.27,,62,44
10/26/09,0.11,,55,49
10/27/09,0.06,,51,45
10/28/09,0,,57,50
10/29/09,0.6,,60,47
10/30/09,0.81,,67,46
10/31/09,0,,46,35
11/1/09,0,,52,30
11/2/09,0.01,,59,42
11/3/09,0,,47,34
11/4/09,0,,52,40
11/5/09,0,,55,35
11/6/09,0,,62,34
11/7/09,0,,71,46
11/8/09,0,,70,45
11/9/09,0,,63,50
11/10/09,0,,55,39
11/11/09,0,,54,35
11/12/09,0,,56,28
11/13/09,0,,55,33
11/14/09,0,,63,43
11/15/09,0,,55,41
11/16/09,0,,48,44
11/17/09,0.05,,47,44
11/18/09,0.17,,47,43
11/19/09,0.07,,47,41
11/20/09,0,,54,42
11/21/09,0,,54,33
11/22/09,0,,57,34
11/23/09,0,,49,41
11/24/09,0.64,,50,40
11/25/09,0.12,,49,37
11/26/09,0.15,,42,33
11/27/09,0,,40,29
11/28/09,0,,54,29
11/29/09,0.02,,44,33
11/30/09,0,,41,30
12/1/09,0,,55,32
12/2/09,0,,45,33
12/3/09,0,,38,26
12/4/09,0,,28,23
12/5/09,0,,32,23
12/6/09,0,,36,26
12/7/09,0.06,,31,26
12/8/09,0.51,,35,25
12/9/09,0.16,,35,11
12/10/09,0,,13,0
12/11/09,0,,23,7
12/12/09,0.01,,36,16
12/13/09,0,,37,32
12/14/09,0.02,,38,27
12/15/09,0,,27,8
12/16/09,0,,23,5
12/17/09,0,,35,17
12/18/09,0.27,,36,31
12/19/09,0.22,,33,29
12/20/09,0,,30,26
12/21/09,0.01,,29,25
12/22/09,0.2,,32,27
12/23/09,0.32,,32,31
12/24/09,0.39,,36,32
12/25/09,0.46,,43,21
12/26/09,0.06,,26,20
12/27/09,0.01,,21,14
12/28/09,0,,30,14
12/29/09,0,,24,8
12/30/09,0.02,,31,15
12/31/09,0.01,,32,9
1/1/10,0,,16,5
1/2/10,0,,11,2
1/3/10,0,,18,-1
1/4/10,0,,18,7
1/5/10,0,,23,13
1/6/10,0.01,,20,10
1/7/10,0.27,,22,16
1/8/10,0.27,,27,11
1/9/10,0,,22,6
1/10/10,0,,18,0
1/11/10,0,,26,15
1/12/10,0,,31,20
1/13/10,0,,35,19
1/14/10,0,,40,31
1/15/10,0,,34,25
1/16/10,0,,27,23
1/17/10,0,,29,19
1/18/10,0,,31,27
1/19/10,0,,38,27
1/20/10,0.01,,33,24
1/21/10,0.08,,35,30
1/22/10,0,,35,33
1/23/10,0,,44,34
1/24/10,0.49,,46,30
1/25/10,0,,32,19
1/26/10,0,,24,12
1/27/10,0,,23,9
1/28/10,0,,17,6
1/29/10,0,,21,5
1/30/10,0,,25,18
1/31/10,0,,29,15
2/1/10,0,,30,14
2/2/10,0.1,,32,25
2/3/10,0,,32,23
2/4/10,0,,33,21
2/5/10,0.02,,35,30
2/6/10,0,,31,25
2/7/10,0,,31,23
2/8/10,0,,30,20
2/9/10,0.65,,28,23
2/10/10,0.02,,26,17
2/11/10,0,,30,10
2/12/10,0,,32,10
2/13/10,0,,30,11
2/14/10,0,,29,9
2/15/10,0,,28,6
2/16/10,0,,32,25
2/17/10,0,,32,26
2/18/10,0,,39,25
2/19/10,0,,42,19
2/20/10,0.01,,39,30
2/21/10,0.36,,36,33
2/22/10,0.14,,33,29
2/23/10,0,,33,22
2/24/10,0.34,,29,21
2/25/10,0,,28,18
2/26/10,0,,31,17
2/27/10,0,,34,28
2/28/10,0,,38,32
3/1/10,0,,36,27
3/2/10,0,,33,23
3/3/10,0,,39,24
3/4/10,0,,42,22
3/5/10,0,,38,23
3/6/10,0,,45,20
3/7/10,0.03,,46,26
3/8/10,0,,44,33
3/9/10,0.01,,51,32
3/10/10,0.07,,62,46
3/11/10,0.34,,60,44
3/12/10,0.01,,55,40
3/13/10,0.61,,45,41
3/14/10,0,,50,40
3/15/10,0,,48,39
3/16/10,0,,61,35
3/17/10,0,,63,32
3/18/10,0,,61,41
3/19/10,0,,65,39
3/20/10,0.42,,39,31
3/21/10,0.02,,42,33
3/22/10,0,,49,34
3/23/10,0,,59,28
3/24/10,0,,53,35
3/25/10,0.03,,47,29
3/26/10,0,,41,27
3/27/10,0.01,,50,31
3/28/10,0,,52,37
3/29/10,0,,46,30
3/30/10,0,,64,29
3/31/10,0,,77,51
4/1/10,0,,83,54
4/2/10,0,,81,59
4/3/10,0.18,,59,49
4/4/10,0.8,,76,39
4/5/10,0.82,,72,50
4/6/10,0.37,,76,47
4/7/10,0.13,,49,37
4/8/10,0,,40,34
4/9/10,0,,56,30
4/10/10,0,,74,38
4/11/10,0,,63,44
4/12/10,0.01,,70,44
4/13/10,0,,63,48
4/14/10,0,,80,46
4/15/10,0,,82,61
4/16/10,0,,68,39
4/17/10,0,,59,37
4/18/10,0,,52,36
4/19/10,0,,56,35
4/20/10,0,,64,38
4/21/10,0,,62,41
4/22/10,0,,60,38
4/23/10,0.07,,63,41
4/24/10,0.26,,60,51
4/25/10,0.31,,60,47
4/26/10,0,,63,47
4/27/10,0,,51,37
4/28/10,0,,64,33
4/29/10,0,,79,46
4/30/10,0.06,,81,62
5/1/10,0.11,,70,58
5/2/10,0.93,,69,53
5/3/10,0,,72,50
5/4/10,0,,79,50
5/5/10,0,,72,56
5/6/10,0.01,,63,46
5/7/10,0.72,,59,45
5/8/10,0.02,,50,42
5/9/10,0,,58,38
5/10/10,0,,58,41
5/11/10,0.97,,52,44
5/12/10,0.12,,51,44
5/13/10,1.49,,73,48
5/14/10,0,,66,47
5/15/10,0,,61,43
5/16/10,0,,66,41
5/17/10,0.01,,58,50
5/18/10,0,,65,46
5/19/10,0,,74,44
5/20/10,0.05,,74,47
5/21/10,0.21,,73,56
5/22/10,0,,74,58
5/23/10,0,,89,62
5/24/10,0,,91,70
5/25/10,0,,88,69
5/26/10,0,,87,66
5/27/10,0,,77,61
5/28/10,0,,79,57
5/29/10,0,,86,59
5/30/10,0,,91,61
5/31/10,0.26,,81,66
6/1/10,0,,85,63
6/2/10,1.02,,77,57
6/3/10,0,,71,56
6/4/10,0,,83,57
6/5/10,0.15,,79,60
6/6/10,0,,76,55
6/7/10,0,,70,54
6/8/10,0.45,,67,58
6/9/10,0,,83,65
6/10/10,0,,77,58
6/11/10,0.02,,89,64
6/12/10,0.34,,77,62
6/13/10,0.25,,71,62
6/14/10,0,,70,60
6/15/10,0.59,,79,60
6/16/10,0,,82,63
6/17/10,0,,84,64
6/18/10,0.87,,90,67
6/19/10,0,,85,66
6/20/10,0,,81,64
6/21/10,0.22,,85,67
6/22/10,0,,85,69
6/23/10,0.87,,87,69
6/24/10,0,,84,65
6/25/10,0,,84,62
6/26/10,0.85,,87,69
6/27/10,0.54,,85,72
6/28/10,0,,82,63
6/29/10,0,,75,59
6/30/10,0,,75,56
7/1/10,0,,77,55
7/2/10,0,,83,59
7/3/10,0,,87,60
7/4/10,0,,91,68
7/5/10,0,,91,78
7/6/10,0.37,,90,73
7/7/10,0.2,,93,71
7/8/10,0.16,,88,73
7/9/10,0,,88,70
7/10/10,0,,89,69
7/11/10,0.79,,85,66
7/12/10,0,,84,65
7/13/10,0.17,,84,70
7/14/10,0,,90,70
7/15/10,0.01,,90,71
7/16/10,0,,90,67
7/17/10,0,,93,71
7/18/10,0.01,,92,72
7/19/10,0.01,,84,69
7/20/10,0,,86,68
7/21/10,0,,91,72
7/22/10,0.01,,90,69
7/23/10,2.79,,94,70
7/24/10,3.64,,87,69
7/25/10,0,,81,66
7/26/10,0,,84,61
7/27/10,0,,88,68
7/28/10,0,,88,73
7/29/10,0,,82,67
7/30/10,0,,80,69
7/31/10,0.68,,80,65
8/1/10,0,,86,65
8/2/10,0,,84,67
8/3/10,0.28,,86,66
8/4/10,0.48,,83,71
8/5/10,0,,83,68
8/6/10,0,,82,64
8/7/10,0,,83,62
8/8/10,0.08,,87,69
8/9/10,0.15,,88,72
8/10/10,0,,89,75
8/11/10,0,,90,75
8/12/10,0,,92,74
8/13/10,0.25,,92,73
8/14/10,0,,88,72
8/15/10,0,,83,66
8/16/10,0,,80,63
8/17/10,0.03,,79,64
8/18/10,0.05,,84,63
8/19/10,0,,88,66
8/20/10,0.03,,92,71
8/21/10,0.45,,86,71
8/22/10,0,,81,68
8/23/10,0,,80,65
8/24/10,0,,84,64
8/25/10,0,,79,61
8/26/10,0,,79,59
8/27/10,0,,86,59
8/28/10,0,,88,65
8/29/10,0,,94,71
8/30/10,0,,88,74
8/31/10,0,,93,75
9/1/10,0.17,,81,71
9/2/10,1.55,,83,65
9/3/10,0,,70,56
9/4/10,0,,68,51
9/5/10,0,,76,49
9/6/10,0,,82,66
9/7/10,0,,77,58
9/8/10,0,,71,51
9/9/10,0,,67,50
9/10/10,0,,72,55
9/11/10,0.24,,75,58
9/12/10,0,,83,54
9/13/10,0,,82,57
9/14/10,0,,77,54
9/15/10,0,,75,59
9/16/10,0.16,,69,53
9/17/10,0,,74,49
9/18/10,0.35,,65,58
9/19/10,0,,67,55
9/20/10,0,,75,62
9/21/10,0.05,,88,68
9/22/10,0,,74,63
9/23/10,0,,89,65
9/24/10,0.26,,80,56
9/25/10,0,,60,52
9/26/10,0,,60,50
9/27/10,0,,65,48
9/28/10,0,,71,46
9/29/10,0,,75,52
9/30/10,0,,74,52
10/1/10,0.08,,73,48
10/2/10,0.26,,57,45
10/3/10,0.08,,56,42
10/4/10,0,,60,38
10/5/10,0,,68,39
10/6/10,0,,78,46
10/7/10,0,,76,49
10/8/10,0,,79,48
10/9/10,0,,86,55
10/10/10,0,,84,57
10/11/10,0,,82,54
10/12/10,0,,76,52
10/13/10,0.1,,66,47
10/14/10,0,,66,43
10/15/10,0,,63,44
10/16/10,0,,71,40
10/17/10,0,,65,47
10/18/10,0,,61,43
10/19/10,0,,60,39
10/20/10,0,,70,44
10/21/10,0,,56,38
10/22/10,0.02,,64,33
10/23/10,0.1,,65,54
10/24/10,0.05,,72,54
10/25/10,0,,72,56
10/26/10,0.24,,70,54
10/27/10,0,,65,43
10/28/10,0,,46,39
10/29/10,0,,50,31
10/30/10,0,,63,42
10/31/10,0,,52,36
11/1/10,0,,54,32
11/2/10,0,,52,32
11/3/10,0.01,,54,31
11/4/10,0.01,,51,38
11/5/10,0,,40,28
11/6/10,0,,46,25
11/7/10,0,,59,35
11/8/10,0,,67,38
11/9/10,0,,69,40
11/10/10,0,,68,43
11/11/10,0.34,,67,46
11/12/10,0,,56,48
11/13/10,0.03,,57,39
11/14/10,0.08,,48,37
11/15/10,0,,51,32
11/16/10,0,,50,32
11/17/10,0,,47,37
11/18/10,0,,39,26
11/19/10,0,,51,25
11/20/10,0,,43,30
11/21/10,0,,60,41
11/22/10,1.37,,67,39
11/23/10,0,,39,26
11/24/10,0.13,,40,25
11/25/10,0.01,,39,21
11/26/10,0,,32,18
11/27/10,0,,34,21
11/28/10,0,,46,22
11/29/10,0.51,,49,33
11/30/10,0.02,,49,25
12/1/10,0,,26,22
12/2/10,0,,33,22
12/3/10,0,,31,18
12/4/10,0.49,,32,23
12/5/10,0,,26,12
12/6/10,0,,20,8
12/7/10,0,,20,11
12/8/10,0,,25,7
12/9/10,0.03,,29,5
12/10/10,0,,37,23
12/11/10,0.45,,36,24
12/12/10,0.04,,31,12
12/13/10,0,,16,7
12/14/10,0,,21,6
12/15/10,0,,25,2
12/16/10,0.01,,27,20
12/17/10,0,,22,13
12/18/10,0,,19,10
12/19/10,0,,21,8
12/20/10,0.2,,27,6
12/21/10,0.02,,31,26
12/22/10,0,,35,18
12/23/10,0,,29,19
12/24/10,0.2,,32,27
12/25/10,0.06,,31,20
12/26/10,0.17,,33,19
12/27/10,0,,22,11
12/28/10,0,,27,12
12/29/10,0.01,,36,9
12/30/10,0,,46,34
12/31/10,0.67,,53,41
1/1/11,0,,41,14
1/2/11,0,,24,12
1/3/11,0,,36,22
1/4/11,0,,30,13
1/5/11,0,,31,8
1/6/11,0,,28,18
1/7/11,0.02,,22,12
1/8/11,0,,24,9
1/9/11,0,,31,9
1/10/11,0,,33,18
1/11/11,0.31,,27,22
1/12/11,0,,26,20
1/13/11,0,,24,15
1/14/11,0.01,,24,16
1/15/11,0,,24,13
1/16/11,0,,22,6
1/17/11,0.31,,32,18
1/18/11,0.1,,32,19
1/19/11,0,,23,15
1/20/11,0,,19,5
1/21/11,0,,8,-4
1/22/11,0.01,,17,5
1/23/11,0.01,,20,4
1/24/11,0.03,,27,15
1/25/11,0,,29,21
1/26/11,0,,28,18
1/27/11,0.03,,25,17
1/28/11,0,,31,19
1/29/11,0,,33,26
1/30/11,0,,30,26
1/31/11,0.09,,26,20
2/1/11,0.74,,23,20
2/2/11,0.74,,23,5
2/3/11,0,,16,-6
2/4/11,0,,25,5
2/5/11,0,,28,4
2/6/11,0.2,,32,24
2/7/11,0.13,,32,19
2/8/11,0,,20,2
2/9/11,0,,12,-2
2/10/11,0,,16,-9
2/11/11,0,,30,5
2/12/11,0,,37,24
2/13/11,0,,45,32
2/14/11,0,,42,26
2/15/11,0,,38,23
2/16/11,0,,49,37
2/17/11,0,,56,47
2/18/11,0,,50,33
2/19/11,0,,35,25
2/20/11,0.95,,36,28
2/21/11,0,,33,25
2/22/11,0.03,,27,23
2/23/11,0.11,,33,24
2/24/11,0,,36,32
2/25/11,0.11,,36,29
2/26/11,0.12,,33,24
2/27/11,0.25,,36,25
2/28/11,0.14,,37,25
3/1/11,0,,43,22
3/2/11,0,,37,24
3/3/11,0,,45,25
3/4/11,1.11,,54,35
3/5/11,0.16,,36,27
3/6/11,0,,34,26
3/7/11,0,,34,24
3/8/11,0.01,,45,32
3/9/11,0.39,,44,33
3/10/11,0,,37,32
3/11/11,0,,47,27
3/12/11,0,,44,28
3/13/11,0,,41,24
3/14/11,0,,42,26
3/15/11,0,,39,31
3/16/11,0,,60,32
3/17/11,0,,67,48
3/18/11,0,,53,34
3/19/11,0,,50,28
3/20/11,0.32,,57,40
3/21/11,0.02,,60,41
3/22/11,0.3,,42,37
3/23/11,0.3,,41,28
3/24/11,0.01,,34,24
3/25/11,0,,34,24
3/26/11,0,,32,25
3/27/11,0,,35,23
3/28/11,0,,36,21
3/29/11,0,,42,24
3/30/11,0,,45,26
3/31/11,0,,48,23
4/1/11,0.18,,45,28
4/2/11,0,,54,36
4/3/11,0.13,,72,35
4/4/11,0.11,,68,40
4/5/11,0,,53,33
4/6/11,0,,59,42
4/7/11,0.25,,46,39
4/8/11,0.51,,45,40
4/9/11,0,,66,44
4/10/11,0,,83,56
4/11/11,0,,67,44
4/12/11,0,,58,40
4/13/11,0,,68,36
4/14/11,0,,53,40
4/15/11,0.34,,51,37
4/16/11,0.2,,49,35
4/17/11,0.08,,53,35
4/18/11,0.49,,41,32
4/19/11,0.95,,38,34
4/20/11,0.01,,43,32
4/21/11,0.03,,50,32
4/22/11,0.56,,46,39
4/23/11,0,,64,45
4/24/11,0,,56,45
4/25/11,0.34,,54,45
4/26/11,0.38,,68,47
4/27/11,0.31,,55,43
4/28/11,0.03,,45,40
4/29/11,0,,62,36
4/30/11,0,,71,48
5/1/11,0,,63,47
5/2/11,0,,59,42
5/3/11,0,,50,37
5/4/11,0,,59,37
5/5/11,0.06,,63,35
5/6/11,0,,68,44
5/7/11,0,,60,43
5/8/11,0,,68,39
5/9/11,0,,73,47
5/10/11,0,,90,62
5/11/11,0.13,,87,63
5/12/11,0.29,,86,58
5/13/11,0.02,,77,47
5/14/11,0.31,,53,45
5/15/11,0.31,,46,41
5/16/11,0,,52,37
5/17/11,0,,60,40
5/18/11,0.07,,57,49
5/19/11,0,,72,49
5/20/11,0,,73,50
5/21/11,0.01,,75,50
5/22/11,0.58,,87,61
5/23/11,0,,79,60
5/24/11,0.11,,66,47
5/25/11,2.24,,67,47
5/26/11,1.06,,49,43
5/27/11,0,,58,40
5/28/11,0.12,,62,51
5/29/11,1.88,,70,52
5/30/11,0,,88,56
5/31/11,0.08,,85,69
6/1/11,0,,81,59
6/2/11,0.02,,69,56
6/3/11,0.01,,87,55
6/4/11,0.18,,92,64
6/5/11,0,,85,60
6/6/11,0,,93,60
6/7/11,0,,96,75
6/8/11,0.17,,95,66
6/9/11,0.93,,69,50
6/10/11,0.52,,69,51
6/11/11,0.03,,62,52
6/12/11,0,,64,50
6/13/11,0,,72,54
6/14/11,0,,77,53
6/15/11,0.8,,71,57
6/16/11,0.04,,81,61
6/17/11,0,,82,60
6/18/11,0,,84,61
6/19/11,0,,81,63
6/20/11,0.18,,79,65
6/21/11,0.45,,89,66
6/22/11,0.02,,73,64
6/23/11,0.01,,71,62
6/24/11,0,,68,60
6/25/11,0,,79,58
6/26/11,0,,81,57
6/27/11,0.03,,81,65
6/28/11,0,,81,63
6/29/11,0,,81,59
6/30/11,0,,88,60
7/1/11,0,,89,72
7/2/11,0,,94,71
7/3/11,0,,84,69
7/4/11,0,,89,65
7/5/11,0,,91,68
7/6/11,0,,86,70
7/7/11,0,,82,63
7/8/11,0,,86,61
7/9/11,0,,91,61
7/10/11,0,,91,74
7/11/11,0.39,,88,71
7/12/11,0.01,,87,70
7/13/11,0,,74,63
7/14/11,0,,82,59
7/15/11,0,,87,70
7/16/11,0,,89,71
7/17/11,0,,95,69
7/18/11,0.01,,92,80
7/19/11,0,,93,78
7/20/11,0.02,,99,73
7/21/11,0.02,,99,75
7/22/11,1.55,,88,70
7/23/11,6.86,,87,70
7/24/11,0.18,,87,72
7/25/11,0,,88,73
7/26/11,0,,83,71
7/27/11,0.71,,90,68
7/28/11,0.7,,87,73
7/29/11,0.7,,86,71
7/30/11,0,,91,67
7/31/11,0,,90,68
8/1/11,0,,91,74
8/2/11,0.43,,93,74
8/3/11,0,,86,72
8/4/11,0,,84,69
8/5/11,0,,83,69
8/6/11,0.18,,85,72
8/7/11,0.75,,86,68
8/8/11,0.63,,80,68
8/9/11,0,,80,64
8/10/11,0,,77,61
8/11/11,0,,81,57
8/12/11,0,,81,60
8/13/11,0.75,,83,62
8/14/11,0,,75,62
8/15/11,0,,82,57
8/16/11,0,,85,61
8/17/11,0,,83,62
8/18/11,0,,84,67
8/19/11,0,,87,64
8/20/11,1.11,,80,66
8/21/11,0,,80,64
8/22/11,0,,82,59
8/23/11,0.65,,73,62
8/24/11,0,,92,69
8/25/11,0,,83,64
8/26/11,0,,83,59
8/27/11,0,,81,64
8/28/11,0,,77,61
8/29/11,0,,79,59
8/30/11,0.04,,76,61
8/31/11,0,,87,65
9/1/11,0,,93,71
9/2/11,0,,92,76
9/3/11,0.02,,89,69
9/4/11,0,,73,58
9/5/11,0,,65,52
9/6/11,0,,66,51
9/7/11,0,,70,52
9/8/11,0,,75,57
9/9/11,0.02,,72,60
9/10/11,0,,78,56
9/11/11,0,,83,57
9/12/11,0,,86,64
9/13/11,0,,73,56
9/14/11,0.08,,58,47
9/15/11,0,,59,42
9/16/11,0,,58,46
9/17/11,0,,68,50
9/18/11,0.43,,65,55
9/19/11,0.24,,69,54
9/20/11,0,,74,49
9/21/11,0,,71,56
9/22/11,0,,64,51
9/23/11,0,,62,48
9/24/11,0.14,,62,51
9/25/11,0.08,,64,51
9/26/11,1.21,,60,53
9/27/11,0.31,,63,54
9/28/11,0.77,,63,53
9/29/11,0.06,,66,49
9/30/11,0.09,,57,45
10/1/11,0,,56,42
10/2/11,0,,66,41
10/3/11,0,,69,44
10/4/11,0,,76,43
10/5/11,0,,80,49
10/6/11,0,,81,50
10/7/11,0,,84,54
10/8/11,0,,82,54
10/9/11,0,,80,52
10/10/11,0,,76,54
10/11/11,0,,79,57
10/12/11,0,,78,55
10/13/11,0.28,,66,52
10/14/11,0,,62,48
10/15/11,0,,62,47
10/16/11,0.17,,62,48
10/17/11,0,,59,41
10/18/11,0.06,,54,41
10/19/11,0.85,,49,44
10/20/11,0.08,,47,43
10/21/11,0,,55,38
10/22/11,0,,66,34
10/23/11,0.2,,68,38
10/24/11,0,,63,45
10/25/11,0.02,,74,45
10/26/11,0,,53,47
10/27/11,0.12,,53,39
10/28/11,0.03,,55,35
10/29/11,0,,55,34
10/30/11,0.17,,57,33
10/31/11,0,,53,36
11/1/11,0,,65,35
11/2/11,0.01,,65,48
11/3/11,0.08,,48,46
11/4/11,0,,53,36
11/5/11,0,,58,34
11/6/11,0,,59,41
11/7/11,0.04,,58,51
11/8/11,1.53,,51,47
11/9/11,0.39,,62,37
11/10/11,0.01,,41,32
11/11/11,0,,45,30
11/12/11,0,,60,36
11/13/11,0,,70,47
11/14/11,0.01,,53,36
11/15/11,0,,64,34
11/16/11,0,,46,31
11/17/11,0,,36,24
11/18/11,0,,51,25
11/19/11,0,,58,44
11/20/11,0,,55,39
11/21/11,0,,47,41
11/22/11,0.24,,43,40
11/23/11,0,,50,34
11/24/11,0,,47,40
11/25/11,0,,57,42
11/26/11,1.01,,56,45
11/27/11,0.12,,46,36
11/28/11,0,,41,34
11/29/11,0,,44,31
11/30/11,0,,44,25
12/1/11,0,,48,25
12/2/11,0.02,,43,31
12/3/11,0.33,,50,37
12/4/11,0.02,,52,36
12/5/11,0.08,,40,35
12/6/11,0,,37,27
12/7/11,0,,34,25
12/8/11,0,,36,24
12/9/11,0.03,,32,18
12/10/11,0,,27,12
12/11/11,0,,45,27
12/12/11,0,,47,23
12/13/11,0.09,,45,38
12/14/11,1.43,,55,41
12/15/11,0.02,,57,33
12/16/11,0,,34,26
12/17/11,0.06,,32,28
12/18/11,0,,44,25
12/19/11,0,,50,38
12/20/11,0,,39,36
12/21/11,0.01,,43,37
12/22/11,0.02,,40,31
12/23/11,0,,34,23
12/24/11,0,,39,21
12/25/11,0,,45,29
12/26/11,0.06,,45,23
12/27/11,0.06,,41,26
12/28/11,0,,31,20
12/29/11,0.01,,48,31
12/30/11,0.41,,44,32
12/31/11,0,,40,29
1/1/12,0.04,,44,29
1/2/12,0.01,,29,18
1/3/12,0,,27,13
1/4/12,0,,41,25
1/5/12,0,,49,23
1/6/12,0,,55,38
1/7/12,0,,44,28
1/8/12,0,,42,25
1/9/12,0,,46,25
1/10/12,0,,52,25
1/11/12,0,,54,27
1/12/12,0.35,,37,19
1/13/12,0.01,,22,17
1/14/12,0,,19,8
1/15/12,0,,31,5
1/16/12,0.04,,45,30
1/17/12,0.16,,39,17
1/18/12,0,,26,10
1/19/12,0.01,,28,5
1/20/12,0.54,,24,5
1/21/12,0,,25,16
1/22/12,0.32,,40,16
1/23/12,0.29,,46,30
1/24/12,0,,37,25
1/25/12,0,,36,22
1/26/12,0,,38,32
1/27/12,0.04,,43,34
1/28/12,0.05,,34,26
1/29/12,0,,31,21
1/30/12,0,,53,22
1/31/12,0,,57,43
2/1/12,0,,48,32
2/2/12,0,,43,31
2/3/12,0,,39,33
2/4/12,0,,42,29
2/5/12,0,,45,29
2/6/12,0,,33,30
2/7/12,0.01,,36,29
2/8/12,0,,37,25
2/9/12,0,,36,21
2/10/12,0.19,,36,14
2/11/12,0,,20,10
2/12/12,0,,35,16
2/13/12,0.03,,36,15
2/14/12,0,,36,29
2/15/12,0.16,,43,30
2/16/12,0.02,,47,34
2/17/12,0,,49,28
2/18/12,0,,39,27
2/19/12,0,,38,24
2/20/12,0,,45,22
2/21/12,0.06,,41,33
2/22/12,0.01,,44,29
2/23/12,0.33,,40,29
2/24/12,0.54,,35,26
2/25/12,0,,27,16
2/26/12,0,,53,17
2/27/12,0,,40,25
2/28/12,0.11,,44,23
2/29/12,0.18,,59,35
3/1/12,0,,40,35
3/2/12,0.19,,40,34
3/3/12,0,,35,30
3/4/12,0,,32,26
3/5/12,0,,37,21
3/6/12,0,,68,31
3/7/12,0,,68,54
3/8/12,0.28,,63,37
3/9/12,0,,40,28
3/10/12,0,,60,27
3/11/12,0,,69,41
3/12/12,0.19,,65,52
3/13/12,0,,70,48
3/14/12,0,,81,46
3/15/12,0,,81,48
3/16/12,0,,82,46
3/17/12,0,,82,58
3/18/12,0,,81,57
3/19/12,0.03,,78,61
3/20/12,0,,85,63
3/21/12,0,,87,61
3/22/12,0.16,,83,60
3/23/12,1.25,,63,55
3/24/12,0,,62,50
3/25/12,0,,71,43
3/26/12,0,,47,37
3/27/12,0,,74,40
3/28/12,0,,68,45
3/29/12,0,,48,40
3/30/12,0.58,,53,40
3/31/12,0,,50,39
4/1/12,0.06,,57,42
4/2/12,0,,62,47
4/3/12,0,,70,48
4/4/12,0,,58,46
4/5/12,0,,49,38
4/6/12,0,,53,33
4/7/12,0,,67,34
4/8/12,0,,66,45
4/9/12,0,,63,41
4/10/12,0,,46,34
4/11/12,0,,54,32
4/12/12,0,,63,32
4/13/12,0,,66,40
4/14/12,0.16,,67,54
4/15/12,0.67,,77,61
4/16/12,0.01,,67,43
4/17/12,0,,57,39
4/18/12,0.01,,73,39
4/19/12,0,,61,45
4/20/12,0.02,,47,42
4/21/12,0,,53,36
4/22/12,0,,53,41
4/23/12,0,,60,39
4/24/12,0,,66,38
4/25/12,0.1,,61,46
4/26/12,0,,55,39
4/27/12,0.01,,54,35
4/28/12,0.25,,50,45
4/29/12,0.36,,57,43
4/30/12,0,,62,50
5/1/12,0.09,,65,49
5/2/12,0,,80,58
5/3/12,1.34,,86,66
5/4/12,0.28,,73,55
5/5/12,0,,60,52
5/6/12,0.8,,70,51
5/7/12,0.47,,64,52
5/8/12,0,,70,52
5/9/12,0.06,,60,47
5/10/12,0,,67,46
5/11/12,0,,78,43
5/12/12,0.03,,69,53
5/13/12,0,,72,50
5/14/12,0,,82,43
5/15/12,0.05,,86,57
5/16/12,0,,65,50
5/17/12,0,,74,45
5/18/12,0,,85,53
5/19/12,0,,92,59
5/20/12,0.14,,93,65
5/21/12,0,,67,54
5/22/12,0,,71,50
5/23/12,0,,82,47
5/24/12,0,,90,64
5/25/12,0,,83,65
5/26/12,0,,86,60
5/27/12,0,,97,70
5/28/12,0,,95,77
5/29/12,0,,85,61
5/30/12,0,,70,53
5/31/12,1.12,,54,47
6/1/12,0.01,,65,49
6/2/12,0,,76,49
6/3/12,0,,81,57
6/4/12,0,,75,59
6/5/12,0,,70,57
6/6/12,0,,76,52
6/7/12,0,,82,54
6/8/12,0,,88,54
6/9/12,0,,90,65
6/10/12,0,,93,67
6/11/12,0,,90,70
6/12/12,0,,78,59
6/13/12,0,,72,54
6/14/12,0,,87,56
6/15/12,0,,94,59
6/16/12,0.31,,94,69
6/17/12,0.11,,87,69
6/18/12,0,,94,69
6/19/12,0,,95,78
6/20/12,0,,95,77
6/21/12,0.01,,85,70
6/22/12,0,,87,64
6/23/12,0,,87,62
6/24/12,0,,94,65
6/25/12,0,,76,60
6/26/12,0,,83,56
6/27/12,0,,92,57
6/28/12,0.04,,100,76
6/29/12,0.42,,88,69
6/30/12,0,,92,69
7/1/12,0,,91,68
7/2/12,0,,98,71
7/3/12,0,,96,77
7/4/12,0,,102,79
7/5/12,0.28,,103,79
7/6/12,0,,103,82
7/7/12,0,,98,73
7/8/12,0,,85,68
7/9/12,0,,91,66
7/10/12,0,,83,67
7/11/12,0,,87,64
7/12/12,0,,91,66
7/13/12,0.28,,93,70
7/14/12,0,,90,70
7/15/12,0,,95,71
7/16/12,0,,97,72
7/17/12,0,,99,79
7/18/12,0.85,,94,72
7/19/12,0.8,,83,71
7/20/12,0,,81,68
7/21/12,0,,87,65
7/22/12,0,,89,68
7/23/12,0,,97,81
7/24/12,0.54,,84,69
7/25/12,0.01,,99,70
7/26/12,0.71,,89,69
7/27/12,0.03,,86,66
7/28/12,0,,82,67
7/29/12,0,,85,63
7/30/12,0,,92,69
7/31/12,0.16,,85,68
8/1/12,0,,90,68
8/2/12,0,,93,66
8/3/12,0,,95,71
8/4/12,0.37,,93,71
8/5/12,0,,84,66
8/6/12,0,,85,62
8/7/12,0,,92,62
8/8/12,0,,84,72
8/9/12,0.05,,75,63
8/10/12,0.18,,76,61
8/11/12,0,,78,56
8/12/12,0,,76,55
8/13/12,0.4,,69,60
8/14/12,0,,84,56
8/15/12,0,,85,65
8/16/12,0.39,,76,62
8/17/12,0,,76,58
8/18/12,0,,77,53
8/19/12,0,,79,60
8/20/12,0.08,,74,58
8/21/12,0,,79,53
8/22/12,0,,85,54
8/23/12,0.03,,92,64
8/24/12,0,,94,64
8/25/12,0,,93,66
8/26/12,0.57,,79,66
8/27/12,0,,88,66
8/28/12,0,,86,63
8/29/12,0,,84,65
8/30/12,0,,90,64
8/31/12,0,,92,71
9/1/12,0,,75,71
9/2/12,0,,82,73
9/3/12,0,,88,71
9/4/12,0.64,,90,66
9/5/12,0.16,,86,63
9/6/12,0,,86,68
9/7/12,0.06,,78,59
9/8/12,0.28,,73,54
9/9/12,0,,72,55
9/10/12,0,,75,52
9/11/12,0,,83,52
9/12/12,0,,86,63
9/13/12,0.19,,71,54
9/14/12,0,,76,51
9/15/12,0,,79,50
9/16/12,0,,77,49
9/17/12,0.26,,78,55
9/18/12,0,,63,47
9/19/12,0,,73,41
9/20/12,0,,72,51
9/21/12,0.15,,60,48
9/22/12,0.02,,59,44
9/23/12,0,,61,40
9/24/12,0,,70,37
9/25/12,0,,77,49
9/26/12,0,,68,53
9/27/12,0,,65,46
9/28/12,0,,67,50
9/29/12,0,,79,48
9/30/12,0,,66,50
10/1/12,0,,66,47
10/2/12,0,,69,53
10/3/12,0.26,,63,59
10/4/12,0.12,,77,48
10/5/12,0,,50,39
10/6/12,0,,50,34
10/7/12,0,,51,36
10/8/12,0,,60,32
10/9/12,0.17,,65,42
10/10/12,0,,51,35
10/11/12,0.02,,67,35
10/12/12,0,,53,37
10/13/12,0.21,,67,44
10/14/12,0.77,,71,48
10/15/12,0,,60,41
10/16/12,0,,70,40
10/17/12,0.51,,68,54
10/18/12,0.07,,54,45
10/19/12,0.02,,52,43
10/20/12,0,,59,39
10/21/12,0,,68,37
10/22/12,0.81,,65,49
10/23/12,0.06,,70,57
10/24/12,0,,78,58
10/25/12,0.13,,75,45
10/26/12,0,,51,37
10/27/12,0,,48,34
10/28/12,0,,49,38
10/29/12,0,,51,36
10/30/12,0,,48,39
10/31/12,0,,50,34
11/1/12,0,,54,34
11/2/12,0,,48,34
11/3/12,0,,45,36
11/4/12,0,,48,32
11/5/12,0,,44,32
11/6/12,0.13,,42,29
11/7/12,0.03,,47,40
11/8/12,0,,45,35
11/9/12,0,,56,33
11/10/12,0.22,,66,50
11/11/12,0.29,,70,40
11/12/12,0,,40,29
11/13/12,0,,41,24
11/14/12,0,,45,29
11/15/12,0,,48,30
11/16/12,0,,54,27
11/17/12,0,,55,26
11/18/12,0,,57,31
11/19/12,0.01,,59,36
11/20/12,0,,58,40
11/21/12,0,,54,34
11/22/12,0.27,,63,42
11/23/12,0,,42,28
11/24/12,0,,32,24
11/25/12,0,,43,29
11/26/12,0,,36,23
11/27/12,0,,33,17
11/28/12,0,,44,27
11/29/12,0,,51,33
11/30/12,0,,51,36
12/1/12,0,,59,29
12/2/12,0.06,,63,44
12/3/12,0,,70,46
12/4/12,0,,59,38
12/5/12,0,,40,27
12/6/12,0,,46,32
12/7/12,0.08,,46,41
12/8/12,0.15,,42,36
12/9/12,0.21,,41,35
12/10/12,0,,38,31
12/11/12,0,,34,24
12/12/12,0,,46,28
12/13/12,0,,49,32
12/14/12,0,,50,26
12/15/12,0.34,,50,37
12/16/12,0,,49,38
12/17/12,0,,40,30
12/18/12,0,,41,31
12/19/12,0.08,,43,32
12/20/12,1.26,,49,33
12/21/12,0.01,,33,20
12/22/12,0,,32,17
12/23/12,0,,34,21
12/24/12,0,,34,28
12/25/12,0.01,,33,25
12/26/12,0,,33,28
12/27/12,0,,33,28
12/28/12,0.01,,32,29
12/29/12,0,,32,20
12/30/12,0,,33,14
12/31/12,0,,35,20
1/1/13,0,,25,11
1/2/13,0,,30,10
1/3/13,0,,29,18
1/4/13,0,,36,13
1/5/13,0.03,,39,18
1/6/13,0,,36,18
1/7/13,0,,41,15
1/8/13,0,,44,22
1/9/13,0,,50,27
1/10/13,0.63,,45,22
1/11/13,0.3,,52,42
1/12/13,0.06,,53,30
1/13/13,0.1,,30,14
1/14/13,0,,25,12
1/15/13,0,,31,12
1/16/13,0,,36,16
1/17/13,0,,33,20
1/18/13,0,,43,19
1/19/13,0,,47,28
1/20/13,0,,28,13
1/21/13,0,,15,5
1/22/13,0,,11,-1
1/23/13,0.01,,23,10
1/24/13,0,,22,4
1/25/13,0.06,,29,18
1/26/13,0,,28,13
1/27/13,0.58,,37,23
1/28/13,0.08,,48,37
1/29/13,1.33,,63,39
1/30/13,0.45,,44,21
1/31/13,0,,21,6
2/1/13,0.02,,14,0
2/2/13,0.12,,23,8
2/3/13,0.04,,21,9
2/4/13,0.19,,28,13
2/5/13,0.02,,31,6
2/6/13,0,,36,11
2/7/13,1.07,,34,31
2/8/13,0,,33,23
2/9/13,0,,32,20
2/10/13,0.29,,49,30
2/11/13,0,,45,29
2/12/13,0,,29,21
2/13/13,0,,44,19
2/14/13,0,,39,33
2/15/13,0,,33,20
2/16/13,0,,20,12
2/17/13,0,,30,9
2/18/13,0.29,,52,27
2/19/13,0,,30,12
2/20/13,0,,24,8
2/21/13,0.07,,32,19
2/22/13,0.2,,34,24
2/23/13,0,,28,22
2/24/13,0,,39,17
2/25/13,0,,43,20
2/26/13,0.45,,36,32
2/27/13,0.18,,34,32
2/28/13,0.02,,35,27
3/1/13,0.02,,30,25
3/2/13,0,,31,17
3/3/13,0,,34,15
3/4/13,0,,34,18
3/5/13,0.66,,33,29
3/6/13,0,,34,28
3/7/13,0,,40,26
3/8/13,0,,40,19
3/9/13,0.04,,44,30
3/10/13,0.87,,51,39
3/11/13,0.07,,48,33
3/12/13,0.05,,37,26
3/13/13,0,,33,22
3/14/13,0,,37,23
3/15/13,0.2,,41,30
3/16/13,0,,35,30
3/17/13,0,,35,26
3/18/13,0.08,,35,21
3/19/13,0,,32,17
3/20/13,0,,25,14
3/21/13,0,,33,14
3/22/13,0,,41,20
3/23/13,0,,41,25
3/24/13,0.01,,37,32
3/25/13,0,,38,32
3/26/13,0,,43,29
3/27/13,0,,42,31
3/28/13,0,,51,28
3/29/13,0,,55,32
3/30/13,0,,59,28
3/31/13,0,,59,36
4/1/13,0,36,41,29
4/2/13,0,34,45,25
4/3/13,0,35,44,25
4/4/13,0,39,58,25
4/5/13,0,44,45,36
4/6/13,0.04,47,70,36
4/7/13,0,53,59,40
4/8/13,0.49,50,64,41
4/9/13,0.2,44,55,39
4/10/13,0.94,40,41,38
4/11/13,0.24,41,46,38
4/12/13,0,41,45,37
4/13/13,0,39,45,34
4/14/13,0,45,69,38
4/15/13,0.36,61,66,44
4/16/13,0.01,47,58,40
4/17/13,2.01,43,49,42
4/18/13,3.54,52,63,39
4/19/13,0.01,41,40,33
4/20/13,0,37,47,31
4/21/13,0,40,54,29
4/22/13,0,51,67,38
4/23/13,0.7,53,59,38
4/24/13,0.04,41,50,37
4/25/13,0.07,45,51,38
4/26/13,0,49,67,34
4/27/13,0,57,68,43
4/28/13,0.03,58,65,49
4/29/13,0,60,74,47
4/30/13,0,70,85,61
5/1/13,0,74,84,56
5/2/13,0.11,54,55,42
5/3/13,0.05,44,48,40
5/4/13,0.02,55,71,48
5/5/13,0,58,69,48
5/6/13,0,60,71,50
5/7/13,0,61,75,48
5/8/13,0,65,79,48
5/9/13,0.32,64,75,46
5/10/13,0.13,47,47,44
5/11/13,0,50,60,43
5/12/13,0,46,55,37
5/13/13,0,48,64,36
5/14/13,0,65,91,50
5/15/13,0,76,84,60
5/16/13,0,70,83,53
5/17/13,0,61,70,55
5/18/13,0,66,80,56
5/19/13,0,72,86,58
5/20/13,1.09,80,89,65
5/21/13,0.56,73,81,64
5/22/13,1.35,69,73,52
5/23/13,0.06,54,54,42
5/24/13,0,48,57,41
5/25/13,0,50,57,44
5/26/13,0.02,54,68,44
5/27/13,0.23,57,62,53
5/28/13,0.2,65,76,56
5/29/13,0.01,71,84,64
5/30/13,0.51,76,83,64
5/31/13,0.3,71,77,64
6/1/13,0.56,70,76,63
6/2/13,0.01,58,63,43
6/3/13,0,54,68,43
6/4/13,0,60,72,50
6/5/13,0.01,62,73,54
6/6/13,0.15,58,64,52
6/7/13,0,58,68,52
6/8/13,0,62,74,49
6/9/13,0.01,67,80,55
6/10/13,0.26,71,76,60
6/11/13,0,70,83,60
6/12/13,0.75,75,86,63
6/13/13,0,67,73,58
6/14/13,0,64,78,56
6/15/13,0.17,67,80,58
6/16/13,0,76,86,69
6/17/13,0.03,77,88,59
6/18/13,0,63,71,56
6/19/13,0,63,75,53
6/20/13,0,71,86,56
6/21/13,0.79,75,82,68
6/22/13,0.04,73,80,67
6/23/13,0.84,76,87,66
6/24/13,0.18,76,89,67
6/25/13,0.03,73,85,67
6/26/13,1.48,73,80,66
6/27/13,0.92,76,90,64
6/28/13,0,75,83,67
6/29/13,0,68,72,64
6/30/13,0,68,77,62
7/1/13,0,68,75,59
7/2/13,0,65,68,60
7/3/13,0.02,64,72,59
7/4/13,0,69,83,56
7/5/13,0,74,86,60
7/6/13,0,75,83,65
7/7/13,0,77,88,70
7/8/13,0.5,78,86,70
7/9/13,0,80,85,73
7/10/13,0,81,85,66
7/11/13,0,73,81,64
7/12/13,0,72,83,58
7/13/13,0,74,84,62
7/14/13,0,78,88,72
7/15/13,0.09,80,89,71
7/16/13,0,81,92,73
7/17/13,0,85,94,76
7/18/13,0,85,95,77
7/19/13,0.58,86,96,71
7/20/13,0.06,80,89,71
7/21/13,0.01,76,88,68
7/22/13,0,76,87,71
7/23/13,0.03,75,78,63
7/24/13,0,66,72,60
7/25/13,0,68,81,57
7/26/13,0.39,69,70,62
7/27/13,0,62,65,55
7/28/13,0,60,69,54
7/29/13,0,65,76,57
7/30/13,0.04,66,74,57
7/31/13,0.5,68,75,62
8/1/13,0,70,81,61
8/2/13,0.63,72,84,62
8/3/13,0,74,81,64
8/4/13,0,69,75,60
8/5/13,0.07,66,75,58
8/6/13,0.04,72,83,67
8/7/13,0,79,89,67
8/8/13,0,72,78,65
8/9/13,0,72,82,59
8/10/13,0,74,81,64
8/11/13,0.01,71,81,60
8/12/13,0.27,74,82,67
8/13/13,0,67,70,58
8/14/13,0,64,72,56
8/15/13,0,64,75,55
8/16/13,0,69,82,55
8/17/13,0,71,81,57
8/18/13,0,72,81,59
8/19/13,0,72,85,57
8/20/13,0,77,88,66
8/21/13,0.01,79,90,68
8/22/13,0.23,75,78,68
8/23/13,0,73,82,62
8/24/13,0,73,86,60
8/25/13,0,77,89,65
8/26/13,0,80,92,70
8/27/13,0,84,96,77
8/28/13,0,81,83,71
8/29/13,0,77,89,66
8/30/13,0.36,80,96,67
8/31/13,0.07,73,78,71
9/1/13,0.14,74,85,65
9/2/13,0,72,79,60
9/3/13,0,66,77,57
9/4/13,0,69,84,59
9/5/13,0,71,74,59
9/6/13,0,69,86,57
9/7/13,0.01,76,88,65
9/8/13,0,75,77,71
9/9/13,0,78,94,68
9/10/13,0,87,95,77
9/11/13,0,83,91,75
9/12/13,0,75,82,62
9/13/13,0,62,67,52
9/14/13,0,59,72,47
9/15/13,0.65,59,62,56
9/16/13,0,59,64,51
9/17/13,0,59,71,49
9/18/13,0.55,68,81,60
9/19/13,0.84,73,84,69
9/20/13,0,73,76,58
9/21/13,0,60,67,52
9/22/13,0,57,67,49
9/23/13,0,58,67,46
9/24/13,0,60,70,49
9/25/13,0,62,70,51
9/26/13,0,63,75,50
9/27/13,0,66,81,52
9/28/13,0.2,68,84,55
9/29/13,0.18,65,68,51
9/30/13,0,60,74,47
10/1/13,0,67,79,62
10/2/13,0,70,76,62
10/3/13,0.12,68,78,60
10/4/13,0,69,74,65
10/5/13,0.82,69,80,61
10/6/13,0.09,60,64,45
10/7/13,0,53,68,45
10/8/13,0,58,75,43
10/9/13,0,60,71,48
10/10/13,0,61,74,46
10/11/13,0,64,76,51
10/12/13,0.12,62,73,46
10/13/13,0,55,64,44
10/14/13,0,54,62,42
10/15/13,0.07,57,64,49
10/16/13,0,52,54,47
10/17/13,0.29,50,53,40
10/18/13,0,45,50,39
10/19/13,0.01,47,54,42
10/20/13,0.01,47,61,36
10/21/13,0,50,55,33
10/22/13,0,36,42,29
10/23/13,0,38,46,32
10/24/13,0,39,44,31
10/25/13,0,38,51,29
10/26/13,0,47,55,37
10/27/13,0,42,54,29
10/28/13,0,45,53,35
10/29/13,0,47,57,42
10/30/13,0.55,52,63,43
10/31/13,1.04,61,64,46
11/1/13,0.08,47,48,43
11/2/13,0.01,44,48,38
11/3/13,0,42,53,33
11/4/13,0,48,58,42
11/5/13,0.04,53,55,50
11/6/13,0.6,52,57,35
11/7/13,0,38,44,30
11/8/13,0,37,48,28
11/9/13,0,49,58,41
11/10/13,0,43,49,35
11/11/13,0.29,42,47,25
11/12/13,0,27,33,22
11/13/13,0,28,40,20
11/14/13,0,38,49,32
11/15/13,0.01,44,50,38
11/16/13,0.4,47,61,42
11/17/13,0.39,60,69,43
11/18/13,0,41,43,30
11/19/13,0,33,42,25
11/20/13,0.15,36,45,28
11/21/13,0.05,44,51,41
11/22/13,0.04,40,43,27
11/23/13,0,25,26,15
11/24/13,0,18,27,11
11/25/13,0.03,26,31,22
11/26/13,0,31,34,17
11/27/13,0,21,29,13
11/28/13,0,26,34,19
11/29/13,0,25,36,15
11/30/13,0,36,50,29
12/1/13,0,37,42,29
12/2/13,0.07,36,44,29
12/3/13,0.02,41,50,37
12/4/13,0.02,50,56,39
12/5/13,0,35,39,21
12/6/13,0,20,21,13
12/7/13,0,14,21,8
12/8/13,0.24,19,26,15
12/9/13,0,22,25,0
12/10/13,0,9,21,-6
12/11/13,0.05,16,21,1
12/12/13,0,6,19,-3
12/13/13,0.01,21,32,13
12/14/13,0.23,30,31,22
12/15/13,0,19,22,10
12/16/13,0.05,13,21,7
12/17/13,0.01,22,33,16
12/18/13,0,25,35,15
12/19/13,0.06,35,39,33
12/20/13,0.31,35,36,33
12/21/13,0.24,32,35,30
12/22/13,0.2,33,34,24
12/23/13,0,20,26,-1
12/24/13,0.01,4,18,-2
12/25/13,0.07,20,27,18
12/26/13,0,23,34,14
12/27/13,0,33,41,21
12/28/13,0,40,50,33
12/29/13,0.01,35,40,11
12/30/13,0.04,10,13,1
12/31/13,0.3,8,12,2
1/1/14,0.25,16,22,10
1/2/14,0.22,19,21,-1
1/3/14,0,4,20,-12
1/4/14,0.26,24,31,19
1/5/14,0.59,21,29,-3
1/6/14,0,-8,-2,-16
1/7/14,0,-7,3,-12
1/8/14,0,3,17,-6
1/9/14,0.01,8,27,-4
1/10/14,0.8,30,40,27
1/11/14,0.06,37,40,31
1/12/14,0,33,44,28
1/13/14,0,41,45,27
1/14/14,0.01,30,35,22
1/15/14,0,20,22,15
1/16/14,0.01,25,34,19
1/17/14,0.04,18,20,12
1/18/14,0.12,15,21,7
1/19/14,0,19,37,10
1/20/14,0.18,33,35,13
1/21/14,0.07,10,13,0
1/22/14,0,6,15,0
1/23/14,0,3,10,-5
1/24/14,0.02,5,28,-6
1/25/14,0,23,33,7
1/26/14,0.17,15,31,6
1/27/14,0,5,6,-7
1/28/14,0,-5,3,-11
1/29/14,0,8,23,1
1/30/14,0,24,33,20
1/31/14,0.01,24,28,17
2/1/14,0.43,25,31,20
2/2/14,0,19,21,-1
2/3/14,0,8,21,-6
2/4/14,0.08,15,24,7
2/5/14,0.35,23,25,9
2/6/14,0,7,14,-2
2/7/14,0,2,11,-4
2/8/14,0.07,10,16,5
2/9/14,0,14,19,4
2/10/14,0,6,12,-3
2/11/14,0,4,14,-8
2/12/14,0,8,24,-5
2/13/14,0,22,32,10
2/14/14,0,20,22,12
2/15/14,0.04,15,24,3
2/16/14,0,20,29,17
2/17/14,0.35,24,28,23
2/18/14,0,31,46,16
2/19/14,0,38,44,30
2/20/14,1.16,36,49,34
2/21/14,0,34,37,26
2/22/14,0,28,35,21
2/23/14,0,23,28,15
2/24/14,0,18,25,12
2/25/14,0,18,22,6
2/26/14,0,8,18,1
2/27/14,0,11,18,4
2/28/14,0,12,30,3
3/1/14,0.29,25,31,11
3/2/14,0.09,11,14,1
3/3/14,0,7,19,-2
3/4/14,0,16,27,12
3/5/14,0.15,21,23,19
3/6/14,0,22,33,16
3/7/14,0,29,47,13
3/8/14,0.02,33,38,21
3/9/14,0,27,42,19
3/10/14,0,44,53,40
3/11/14,0.14,44,50,34
3/12/14,0.48,31,34,14
3/13/14,0,22,39,11
3/14/14,0,43,53,37
3/15/14,0,37,40,27
3/16/14,0,24,27,19
3/17/14,0,26,40,20
3/18/14,0,37,52,27
3/19/14,0.19,44,46,34
3/20/14,0.04,37,47,30
3/21/14,0,41,58,30
3/22/14,0,42,41,26
3/23/14,0,27,32,19
3/24/14,0,26,36,20
3/25/14,0.05,27,31,20
3/26/14,0,26,39,15
3/27/14,0.2,39,55,34
3/28/14,0.06,44,55,34
3/29/14,0,36,41,28
3/30/14,0,38,57,25
3/31/14,0,52,68,41
4/1/14,0,46,57,32
4/2/14,0,41,45,34
4/3/14,0.53,38,43,35
4/4/14,0,40,48,34
4/5/14,0,40,51,31
4/6/14,0,42,57,31
4/7/14,0,45,54,36
4/8/14,0.02,50,60,40
4/9/14,0,49,62,33
4/10/14,0,58,66,41
4/11/14,0,55,70,37
4/12/14,0,63,80,44
4/13/14,0.43,62,69,42
4/14/14,0.3,46,63,30
4/15/14,0,31,38,26
4/16/14,0,38,52,26
4/17/14,0,50,62,40
4/18/14,0,48,51,38
4/19/14,0,46,66,37
4/20/14,0,60,79,41
4/21/14,0,67,74,58
4/22/14,0,54,61,36
4/23/14,0.02,42,51,33
4/24/14,0.06,49,64,39
4/25/14,0.22,56,70,45
4/26/14,0,52,57,40
4/27/14,0.03,47,60,42
4/28/14,0.61,50,55,45
4/29/14,0.61,52,59,47
4/30/14,0.01,50,53,43
5/1/14,0.09,45,49,42
5/2/14,0,48,53,46
5/3/14,0,55,67,46
5/4/14,0,55,58,44
5/5/14,0.05,49,55,43
5/6/14,0,50,63,41
5/7/14,0,59,78,48
5/8/14,0.1,69,89,51
5/9/14,1.03,71,73,54
5/10/14,0,62,77,47
5/11/14,0.12,67,81,52
5/12/14,2.09,72,84,64
5/13/14,0.12,65,67,52
5/14/14,0.02,53,56,44
5/15/14,0.19,47,55,40
5/16/14,0.1,41,46,37
5/17/14,0,48,60,39
5/18/14,0,56,69,47
5/19/14,0,59,69,45
5/20/14,0.82,71,85,62
5/21/14,0.01,75,86,63
5/22/14,0,67,70,53
5/23/14,0,59,69,48
5/24/14,0,60,74,47
5/25/14,0,66,83,50
5/26/14,0,74,87,61
5/27/14,0.21,75,85,58
5/28/14,0.03,64,71,56
5/29/14,0,63,76,54
5/30/14,0,65,79,53
5/31/14,0,71,88,54
6/1/14,0,75,90,63
6/2/14,0.14,76,83,68
6/3/14,0,75,81,66
6/4/14,0.19,66,70,55
6/5/14,0,63,76,52
6/6/14,0,67,81,49
6/7/14,0.08,71,84,57
6/8/14,0.23,65,72,54
6/9/14,0,65,78,55
6/10/14,1.26,60,66,56
6/11/14,0.52,60,67,57
6/12/14,0,68,79,58
6/13/14,0,66,75,55
6/14/14,0,66,79,52
6/15/14,0,72,84,60
6/16/14,0,78,88,67
6/17/14,0,82,91,77
6/18/14,0.65,78,82,61
6/19/14,0.32,66,79,59
6/20/14,0.01,74,85,63
6/21/14,1.28,69,84,60
6/22/14,0,70,82,63
6/23/14,0.05,71,81,66
6/24/14,0.41,77,87,70
6/25/14,0,69,80,59
6/26/14,0,64,78,59
6/27/14,0,71,88,59
6/28/14,0,79,87,71
6/29/14,0.07,77,85,69
6/30/14,2.6,79,87,67
7/1/14,0,72,80,67
7/2/14,0.12,67,70,56
7/3/14,0.07,63,76,56
7/4/14,0,68,79,58
7/5/14,0,69,77,60
7/6/14,0,73,87,63
7/7/14,0.63,80,88,71
7/8/14,0.54,76,81,66
7/9/14,0,72,80,62
7/10/14,0,70,79,60
7/11/14,0.01,70,81,60
7/12/14,0.47,74,80,70
7/13/14,0.01,76,85,68
7/14/14,0.2,72,80,61
7/15/14,0.05,63,70,55
7/16/14,0,63,72,55
7/17/14,0,66,78,54
7/18/14,0,70,79,59
7/19/14,0,70,80,57
7/20/14,0,72,82,60
7/21/14,0,75,86,63
7/22/14,0.01,79,90,69
7/23/14,0,73,75,59
7/24/14,0,65,75,57
7/25/14,0,66,75,55
7/26/14,0,74,84,68
7/27/14,0.02,78,87,65
7/28/14,0,67,73,59
7/29/14,0.01,69,81,58
7/30/14,0,69,79,59
7/31/14,0,71,84,59
8/1/14,0.15,73,85,62
8/2/14,0,72,86,59
8/3/14,0,75,87,62
8/4/14,2.76,75,87,67
8/5/14,0,71,80,64
8/6/14,0,71,80,62
8/7/14,0,72,81,61
8/8/14,0,74,82,66
8/9/14,0,74,80,66
8/10/14,0,74,81,69
8/11/14,0.85,72,82,67
8/12/14,0.07,67,70,61
8/13/14,0,69,82,57
8/14/14,0,67,72,57
8/15/14,0,65,78,52
8/16/14,0,71,82,62
8/17/14,0,70,71,64
8/18/14,0,70,83,65
8/19/14,0.09,77,86,69
8/20/14,0,76,86,66
8/21/14,0.98,75,79,70
8/22/14,1.58,78,86,72
8/23/14,0.34,77,86,68
8/24/14,0,76,88,70
8/25/14,0.01,79,88,71
8/26/14,0.12,76,85,71
8/27/14,0,74,82,67
8/28/14,0,71,77,67
8/29/14,0.08,76,86,71
8/30/14,0.27,77,83,70
8/31/14,0,76,85,68
9/1/14,0.36,77,83,70
9/2/14,0.01,74,82,67
9/3/14,0,73,83,61
9/4/14,0.26,76,85,71
9/5/14,0.5,80,88,64
9/6/14,0,67,75,60
9/7/14,0,67,80,54
9/8/14,0,67,77,55
9/9/14,0.01,70,79,63
9/10/14,1.31,72,80,56
9/11/14,0,54,56,50
9/12/14,0.13,51,55,44
9/13/14,0,47,59,41
9/14/14,0,53,65,42
9/15/14,0,56,62,51
9/16/14,0,56,68,44
9/17/14,0,59,70,48
9/18/14,0,61,70,53
9/19/14,0,63,78,53
9/20/14,0.12,69,77,63
9/21/14,0,65,69,51
9/22/14,0,55,67,46
9/23/14,0,60,74,51
9/24/14,0,65,77,54
9/25/14,0,65,74,56
9/26/14,0,65,79,51
9/27/14,0,66,79,54
9/28/14,0,65,78,53
9/29/14,0.01,66,83,53
9/30/14,0,53,58,47
10/1/14,0,58,70,49
10/2/14,0.32,67,72,63
10/3/14,0.68,60,65,43
10/4/14,0.06,42,47,35
10/5/14,0.01,45,55,37
10/6/14,0.01,52,61,42
10/7/14,0,55,66,48
10/8/14,0,54,65,44
10/9/14,0,54,62,43
10/10/14,0,50,58,39
10/11/14,0,47,59,36
10/12/14,0.01,49,63,38
10/13/14,0.64,59,67,56
10/14/14,0.65,63,65,52
10/15/14,0.05,53,55,50
10/16/14,0,53,56,50
10/17/14,0,54,62,48
10/18/14,0.01,49,50,36
10/19/14,0,43,54,33
10/20/14,0.01,54,65,46
10/21/14,0,50,53,45
10/22/14,0,48,56,35
10/23/14,0,46,59,36
10/24/14,0,57,67,52
10/25/14,0,62,72,49
10/26/14,0,54,64,42
10/27/14,0,60,77,51
10/28/14,0,61,68,45
10/29/14,0,47,49,36
10/30/14,0,42,51,32
10/31/14,0.03,42,47,33
11/1/14,0,38,43,29
11/2/14,0,36,51,25
11/3/14,0,51,62,43
11/4/14,0,55,60,44
11/5/14,0,47,60,34
11/6/14,0,47,51,38
11/7/14,0,38,43,29
11/8/14,0.01,43,47,36
11/9/14,0,41,52,35
11/10/14,0,49,62,41
11/11/14,0.21,49,58,31
11/12/14,0,29,31,24
11/13/14,0,26,29,24
11/14/14,0,26,27,21
11/15/14,0.04,24,31,17
11/16/14,0.01,26,31,18
11/17/14,0,18,21,11
11/18/14,0,13,19,9
11/19/14,0,22,32,17
11/20/14,0,22,27,14
11/21/14,0,20,35,7
11/22/14,0.07,37,52,33
11/23/14,0.63,50,52,48
11/24/14,0.43,42,49,24
11/25/14,0.01,24,26,18
11/26/14,0,22,29,17
11/27/14,0,25,27,15
11/28/14,0,22,34,18
11/29/14,0,37,51,29
11/30/14,0,46,50,24
12/1/14,0,22,25,18
12/2/14,0,25,34,18
12/3/14,0,30,37,24
12/4/14,0,28,35,23
12/5/14,0,35,40,32
12/6/14,0,35,40,26
12/7/14,0,31,36,26
12/8/14,0.2,33,37,32
12/9/14,0,35,38,31
12/10/14,0,31,33,28
12/11/14,0,28,32,23
12/12/14,0,29,37,23
12/13/14,0,38,47,35
12/14/14,0,47,50,45
12/15/14,0.06,46,46,42
12/16/14,0.02,42,45,29
12/17/14,0,28,29,24
12/18/14,0,24,28,19
12/19/14,0,29,32,27
12/20/14,0,30,33,28
12/21/14,0,33,36,31
12/22/14,0.32,33,41,28
12/23/14,0.19,44,48,38
12/24/14,0,39,40,36
12/25/14,0,37,42,33
12/26/14,0,41,50,36
12/27/14,0,44,49,31
12/28/14,0,29,35,22
12/29/14,0,27,30,19
12/30/14,0,17,20,9
12/31/14,0,11,18,4
1/1/15,0,20,32,14
1/2/15,0,26,34,15
1/3/15,0.57,31,34,29
1/4/15,0.13,29,33,2
1/5/15,0.15,2,6,-3
1/6/15,0.01,5,10,-5
1/7/15,0,3,6,-6
1/8/15,0.06,-2,18,-8
1/9/15,0,8,11,0
1/10/15,0,5,24,-2
1/11/15,0.19,26,32,22
1/12/15,0,23,28,15
1/13/15,0,17,19,3
1/14/15,0,11,19,1
1/15/15,0,22,34,17
1/16/15,0,28,34,23
1/17/15,0,34,42,26
1/18/15,0,37,40,27
1/19/15,0,32,41,25
1/20/15,0,34,36,29
1/21/15,0.01,31,33,29
1/22/15,0,30,31,28
1/23/15,0,30,31,29
1/24/15,0,33,43,29
1/25/15,0.08,31,34,24
1/26/15,0.07,23,26,15
1/27/15,0,27,32,20
1/28/15,0.01,26,34,19
1/29/15,0.01,33,35,28
1/30/15,0,27,30,18
1/31/15,0.12,27,36,19
2/1/15,0.87,29,31,19
2/2/15,0.05,15,19,6
2/3/15,0.09,13,26,2
2/4/15,0.02,21,25,4
2/5/15,0,7,15,-2
2/6/15,0,17,31,13
2/7/15,0,29,41,18
2/8/15,0.01,36,39,25
2/9/15,0,26,27,19
2/10/15,0,25,33,14
2/11/15,0,31,35,18
2/12/15,0,16,18,8
2/13/15,0,11,26,5
2/14/15,0,19,27,1
2/15/15,0.03,4,15,-3
2/16/15,0,12,18,5
2/17/15,0,17,19,8
2/18/15,0,7,8,-3
2/19/15,0,-2,4,-8
2/20/15,0.01,3,18,-7
2/21/15,0,22,32,17
2/22/15,0,21,28,2
2/23/15,0,4,12,-4
2/24/15,0.01,11,29,4
2/25/15,0.17,21,26,10
2/26/15,0.17,17,19,0
2/27/15,0,6,14,-2
2/28/15,0.02,6,21,-10
3/1/15,0,18,25,10
3/2/15,0,21,33,13
3/3/15,0.13,28,34,24
3/4/15,0,24,31,10
3/5/15,0,12,16,3
3/6/15,0,12,27,0
3/7/15,0,32,44,24
3/8/15,0,35,40,28
3/9/15,0,37,50,25
3/10/15,0,40,51,35
3/11/15,0,42,51,30
3/12/15,0,42,56,28
3/13/15,0,47,65,37
3/14/15,0,51,60,37
3/15/15,0,45,62,29
3/16/15,0,58,73,42
3/17/15,0,45,45,28
3/18/15,0,37,50,28
3/19/15,0,42,46,37
3/20/15,0,42,50,38
3/21/15,0,42,49,32
3/22/15,0.02,32,35,26
3/23/15,0.61,29,31,28
3/24/15,0.04,30,37,19
3/25/15,0.25,37,41,35
3/26/15,0,37,42,31
3/27/15,0.04,29,31,21
3/28/15,0,27,36,20
3/29/15,0.01,32,47,24
3/30/15,0,46,61,34
3/31/15,0,49,58,39
4/1/15,0,52,72,35
4/2/15,0.36,58,65,50
4/3/15,0,50,53,30
4/4/15,0,40,58,28
4/5/15,0,53,66,36
4/6/15,0.04,45,62,34
4/7/15,0,40,46,38
4/8/15,0.05,44,50,40
4/9/15,1.41,52,71,41
4/10/15,0,52,62,39
4/11/15,0,48,62,38
4/12/15,0,55,68,41
4/13/15,0.22,60,65,49
4/14/15,0,56,66,39
4/15/15,0,54,64,43
4/16/15,0,53,66,45
4/17/15,0,61,78,45
4/18/15,0,59,65,47
4/19/15,0.46,56,68,48
4/20/15,0.01,48,52,41
4/21/15,0,44,54,38
4/22/15,0,40,46,34
4/23/15,0,42,55,32
4/24/15,0.16,44,57,29
4/25/15,0.16,43,48,39
4/26/15,0,45,56,35
4/27/15,0,46,55,38
4/28/15,0,46,58,35
4/29/15,0,49,61,38
4/30/15,0,46,51,38
5/1/15,0,50,67,38
5/2/15,0,62,76,50
5/3/15,0.42,67,78,55
5/4/15,0,65,74,55
5/5/15,0.95,52,56,47
5/6/15,0,56,77,46
5/7/15,0.04,67,83,52
5/8/15,0.75,71,81,63
5/9/15,0.29,60,64,47
5/10/15,0.14,49,54,45
5/11/15,0.22,56,68,47
5/12/15,0,52,56,44
5/13/15,0,48,52,40
5/14/15,0.24,52,66,43
5/15/15,0,63,76,57
5/16/15,0.03,69,79,62
5/17/15,0,72,82,66
5/18/15,0,72,77,49
5/19/15,0,50,53,40
5/20/15,0.04,44,48,39
5/21/15,0,52,69,45
5/22/15,0,59,66,47
5/23/15,0,62,80,46
5/24/15,0.36,66,72,59
5/25/15,0.07,70,78,65
5/26/15,0.5,71,74,64
5/27/15,0,68,74,59
5/28/15,0,69,82,54
5/29/15,0.2,72,81,63
5/30/15,0.41,64,71,44
5/31/15,0,47,55,42
6/1/15,0,51,60,44
6/2/15,0,56,70,42
6/3/15,0,62,77,50
6/4/15,0,68,81,57
6/5/15,0,65,70,55
6/6/15,0,60,71,52
6/7/15,0.36,66,81,55
6/8/15,0.04,73,84,61
6/9/15,0,70,85,60
6/10/15,0,80,92,68
6/11/15,0.27,69,72,58
6/12/15,0.13,62,67,56
6/13/15,0.4,66,86,56
6/14/15,0.6,73,83,68
6/15/15,2.56,75,80,68
6/16/15,0,69,72,56
6/17/15,0.14,61,72,56
6/18/15,0.27,72,79,58
6/19/15,0,61,67,54
6/20/15,0.31,63,78,53
6/21/15,0,74,84,67
6/22/15,0.09,75,83,66
6/23/15,0,75,82,63
6/24/15,0,70,79,60
6/25/15,1.01,71,79,61
6/26/15,0.13,63,67,58
6/27/15,0,64,76,56
6/28/15,0.02,67,79,54
6/29/15,0.62,68,75,64
6/30/15,0.17,68,77,57
7/1/15,0,61,69,54
7/2/15,0,59,69,53
7/3/15,0,64,77,55
7/4/15,0,70,81,59
7/5/15,0,72,83,60
7/6/15,0.49,74,85,64
7/7/15,0.27,67,71,55
7/8/15,0.07,60,67,54
7/9/15,0,64,77,58
7/10/15,0,69,83,59
7/11/15,0.03,70,78,61
7/12/15,0,74,83,69
7/13/15,0.42,76,86,68
7/14/15,0,76,83,61
7/15/15,0,66,75,59
7/16/15,0.97,66,75,58
7/17/15,0.06,77,92,71
7/18/15,0.54,79,89,73
7/19/15,0,79,85,65
7/20/15,0,74,85,63
7/21/15,0,75,82,65
7/22/15,0,74,83,64
7/23/15,0,74,85,63
7/24/15,0,75,84,64
7/25/15,0,80,91,69
7/26/15,0,75,80,64
7/27/15,0,77,88,67
7/28/15,0,79,91,67
7/29/15,0,81,88,70
7/30/15,0,77,88,65
7/31/15,0,78,87,67
8/1/15,0,76,87,64
8/2/15,0.53,80,91,67
8/3/15,0,76,82,67
8/4/15,0,72,82,61
8/5/15,0,73,82,61
8/6/15,0,73,83,64
8/7/15,0,73,83,63
8/8/15,0,75,82,68
8/9/15,0,72,80,67
8/10/15,0.02,75,84,68
8/11/15,0,73,82,65
8/12/15,0,71,81,61
8/13/15,0,74,85,65
8/14/15,0.21,78,90,67
8/15/15,0.14,77,92,67
8/16/15,0,79,89,71
8/17/15,0.12,79,88,68
8/18/15,0.4,74,83,67
8/19/15,0,72,75,62
8/20/15,0,65,74,59
8/21/15,0,69,82,55
8/22/15,0,72,81,60
8/23/15,0,71,77,61
8/24/15,0,65,75,55
8/25/15,0,63,72,59
8/26/15,0,62,67,56
8/27/15,0,63,76,51
8/28/15,0,65,72,56
8/29/15,0.74,68,70,63
8/30/15,0,68,77,62
8/31/15,0,71,85,60
9/1/15,0,78,88,68
9/2/15,0,80,90,72
9/3/15,0,81,91,71
9/4/15,0,74,85,68
9/5/15,0,75,87,69
9/6/15,0,80,92,70
9/7/15,0,81,88,76
9/8/15,1.04,77,81,68
9/9/15,0,70,77,58
9/10/15,0.21,64,74,54
9/11/15,0.17,62,67,54
9/12/15,0,58,65,50
9/13/15,0,58,70,48
9/14/15,0,65,82,52
9/15/15,0,73,82,62
9/16/15,0,71,83,56
9/17/15,0.36,72,85,61
9/18/15,2.41,72,74,65
9/19/15,0.05,65,71,53
9/20/15,0,60,73,50
9/21/15,0,62,74,52
9/22/15,0,65,80,53
9/23/15,0,68,80,57
9/24/15,0,67,76,56
9/25/15,0,65,73,60
9/26/15,0,67,75,60
9/27/15,0,67,74,61
9/28/15,0,70,77,64
9/29/15,0.4,64,68,55
9/30/15,0,57,61,52
10/1/15,0,55,59,52
10/2/15,0,55,60,51
10/3/15,0.01,52,54,48
10/4/15,0,52,57,50
10/5/15,0,57,60,55
10/6/15,0,60,71,55
10/7/15,0,62,71,54
10/8/15,0.05,62,77,50
10/9/15,0,60,64,47
10/10/15,0,53,65,42
10/11/15,0,62,79,51
10/12/15,0,67,75,53
10/13/15,0,56,63,47
10/14/15,0,52,63,42
10/15/15,0,55,69,46
10/16/15,0,49,55,37
10/17/15,0,42,53,33
10/18/15,0,45,60,33
10/19/15,0,55,73,47
10/20/15,0.11,64,74,57
10/21/15,0.01,63,75,52
10/22/15,0,60,62,51
10/23/15,0.16,55,64,52
10/24/15,0.3,62,66,46
10/25/15,0,51,62,41
10/26/15,0,49,61,37
10/27/15,0.49,53,56,50
10/28/15,0.33,53,56,37
10/29/15,0,41,47,36
10/30/15,0,45,56,36
10/31/15,0.77,47,52,45
11/1/15,0,53,63,44
11/2/15,0,58,72,47
11/3/15,0,58,70,44
11/4/15,0,58,71,48
11/5/15,0,64,70,59
11/6/15,0.16,56,65,41
11/7/15,0,44,53,35
11/8/15,0,41,52,28
11/9/15,0,42,56,29
11/10/15,0,45,56,32
11/11/15,0.42,48,63,36
11/12/15,0,48,56,42
11/13/15,0,42,47,32
11/14/15,0,39,57,25
11/15/15,0,53,64,44
11/16/15,0.12,52,57,43
11/17/15,0.63,51,61,47
11/18/15,0.2,58,62,47
11/19/15,0,45,47,35
11/20/15,0.28,36,40,31
11/21/15,1.16,32,33,18
11/22/15,0,19,27,7
11/23/15,0,28,37,25
11/24/15,0,32,41,21
11/25/15,0,38,52,29
11/26/15,0.42,52,60,48
11/27/15,0.84,45,56,34
11/28/15,0,35,38,30
11/29/15,0,33,41,25
11/30/15,0.26,40,44,38
12/1/15,0.18,42,43,37
12/2/15,0.21,35,38,31
12/3/15,0,33,35,30
12/4/15,0,37,47,32
12/5/15,0,36,46,29
12/6/15,0,36,47,27
12/7/15,0,34,39,27
12/8/15,0,40,47,38
12/9/15,0,46,52,40
12/10/15,0,48,57,41
12/11/15,0,46,51,41
12/12/15,0,50,57,47
12/13/15,0.85,55,61,48
12/14/15,0.39,55,61,42
12/15/15,0,41,43,39
12/16/15,0.12,43,53,35
12/17/15,0,33,35,28
12/18/15,0,28,32,24
12/19/15,0,23,30,15
12/20/15,0.03,34,50,23
12/21/15,0.67,46,52,41
12/22/15,0.02,39,41,35
12/23/15,0.49,47,59,40
12/24/15,0,42,42,34
12/25/15,0,38,44,32
12/26/15,0.21,39,42,37
12/27/15,0.14,38,40,35
12/28/15,1.47,33,39,31
12/29/15,0,33,39,29
12/30/15,0.09,29,29,27
12/31/15,0,26,28,22
1/1/16,0,23,31,19
1/2/16,0,27,32,20
1/3/16,0,27,29,22
1/4/16,0,27,31,22
1/5/16,0,26,33,17
1/6/16,0,28,36,21
1/7/16,0.01,36,41,34
1/8/16,0.19,38,42,36
1/9/16,0.27,37,40,23
1/10/16,0,19,23,2
1/11/16,0.11,5,24,-1
1/12/16,0.01,14,20,3
1/13/16,0,7,25,-2
1/14/16,0,31,44,24
1/15/16,0.01,40,43,30
1/16/16,0,28,30,9
1/17/16,0,8,8,-1
1/18/16,0,1,7,-4
1/19/16,0,6,17,0
1/20/16,0.05,17,23,12
1/21/16,0,19,29,9
1/22/16,0.02,24,30,19
1/23/16,0,28,33,20
1/24/16,0,27,34,24
1/25/16,0.13,31,41,24
1/26/16,0.02,33,36,24
1/27/16,0,28,34,23
1/28/16,0,34,39,29
1/29/16,0,28,35,20
1/30/16,0,38,46,35
1/31/16,0.02,42,48,33
2/1/16,0,36,45,30
2/2/16,0.79,35,38,32
2/3/16,0.02,36,37,28
2/4/16,0,27,32,19
2/5/16,0,29,34,25
2/6/16,0,31,41,24
2/7/16,0,38,43,32
2/8/16,0.02,31,32,20
2/9/16,0.02,19,21,13
2/10/16,0,14,18,9
2/11/16,0,13,21,7
2/12/16,0,19,23,7
2/13/16,0,9,17,2
2/14/16,0.1,14,18,9
2/15/16,0.01,21,27,18
2/16/16,0.04,27,33,24
2/17/16,0,28,34,21
2/18/16,0,30,42,23
2/19/16,0,47,62,41
2/20/16,0,49,57,38
2/21/16,0,40,41,29
2/22/16,0,35,44,26
2/23/16,0,36,45,26
2/24/16,0.15,35,36,32
2/25/16,0,33,37,31
2/26/16,0,31,33,24
2/27/16,0,37,54,28
2/28/16,0.08,52,62,36
2/29/16,0,41,52,28
3/1/16,0.1,28,30,18
3/2/16,0,21,32,11
3/3/16,0.07,30,33,27
3/4/16,0.07,30,39,20
3/5/16,0,33,39,29
3/6/16,0,39,52,33
3/7/16,0.03,51,63,44
3/8/16,0,62,70,58
3/9/16,0.18,61,63,48
3/10/16,0,49,51,37
3/11/16,0,43,55,34
3/12/16,0,43,59,33
3/13/16,0.66,47,48,43
3/14/16,0.01,47,55,43
3/15/16,0.14,49,58,46
3/16/16,0.04,53,56,45
3/17/16,0,47,56,40
3/18/16,0,41,49,32
3/19/16,0,38,46,35
3/20/16,0,37,44,30
3/21/16,0,38,49,28
3/22/16,0,48,63,40
3/23/16,0.11,42,42,36
3/24/16,1.09,37,39,30
3/25/16,0,35,48,28
3/26/16,0,40,54,31
3/27/16,0.32,47,63,36
3/28/16,0,45,53,35
3/29/16,0,44,58,31
3/30/16,0.13,49,62,42
3/31/16,0.39,60,67,44
4/1/16,0.08,45,49,35
4/2/16,0.02,35,40,27
4/3/16,0,40,71,26
4/4/16,0,41,38,29
4/5/16,0.02,33,45,24
4/6/16,0.31,44,50,40
4/7/16,0.06,40,41,33
4/8/16,0.1,37,41,26
4/9/16,0,30,38,22
4/10/16,0.1,37,50,33
4/11/16,0,48,51,36
4/12/16,0,40,47,30
4/13/16,0,43,56,34
4/14/16,0,48,61,37
4/15/16,0,53,68,42
4/16/16,0,58,76,41
4/17/16,0,62,79,45
4/18/16,0,66,83,49
4/19/16,0,54,57,46
4/20/16,0.48,58,71,51
4/21/16,0.01,62,70,50
4/22/16,0,51,54,41
4/23/16,0,48,60,38
4/24/16,0,56,78,41
4/25/16,0.08,69,83,58
4/26/16,0,53,68,42
4/27/16,0.47,44,49,41
4/28/16,0.45,45,50,42
4/29/16,0.01,44,51,41
4/30/16,0.61,45,48,43
5/1/16,0.51,45,49,42
5/2/16,0,49,59,42
5/3/16,0,53,67,40
5/4/16,0.4,52,57,42
5/5/16,0,49,61,41
5/6/16,0,59,82,42
5/7/16,0.02,65,70,44
5/8/16,0,55,71,41
5/9/16,0.59,56,58,50
5/10/16,0.79,54,63,51
5/11/16,0.19,58,69,51
5/12/16,0.48,61,70,53
5/13/16,0.68,58,66,43
5/14/16,0,46,47,41
5/15/16,0,45,55,35
5/16/16,0,56,70,46
5/17/16,0,54,57,44
5/18/16,0,52,65,41
5/19/16,0,55,69,39
5/20/16,0,58,68,44
5/21/16,0,62,75,53
5/22/16,0,66,77,53
5/23/16,0,66,81,48
5/24/16,0,72,86,60
5/25/16,0.95,76,86,64
5/26/16,0,71,83,62
5/27/16,0.13,74,81,66
5/28/16,0.13,73,81,64
5/29/16,0,72,79,63
5/30/16,0,74,87,63
5/31/16,0.56,73,83,63
6/1/16,0.42,68,79,62
6/2/16,0,70,79,57
6/3/16,0,70,84,55
6/4/16,0.41,69,72,62
6/5/16,0.05,68,79,61
6/6/16,0,71,82,59
6/7/16,0,63,67,51
6/8/16,0,61,70,52
6/9/16,0.21,61,72,53
6/10/16,0.1,74,90,63
6/11/16,0,82,91,71
6/12/16,0,71,79,59
6/13/16,0.02,68,86,54
6/14/16,0,74,87,64
6/15/16,0.3,78,90,68
6/16/16,0,74,77,63
6/17/16,0,71,85,61
6/18/16,0,74,87,58
6/19/16,0,78,89,62
6/20/16,0,83,93,70
6/21/16,0,76,84,64
6/22/16,1.31,72,76,67
6/23/16,0,70,78,64
6/24/16,0,71,82,62
6/25/16,0,77,89,65
6/26/16,0.03,81,90,72
6/27/16,0,80,90,69
6/28/16,0,68,71,57
6/29/16,0,67,81,55
6/30/16,0,69,78,57
7/1/16,0,69,72,59
7/2/16,0,65,76,54
7/3/16,0,68,77,55
7/4/16,0,71,79,66
7/5/16,0,76,87,66
7/6/16,0.87,77,88,67
7/7/16,1.05,77,84,70
7/8/16,0,76,86,68
7/9/16,0,73,79,65
7/10/16,0,72,82,60
7/11/16,0,78,90,69
7/12/16,0,81,88,74
7/13/16,0.06,78,84,68
7/14/16,0,76,88,67
7/15/16,0.14,71,75,60
7/16/16,0,67,77,57
7/17/16,0.25,71,83,61
7/18/16,0,79,88,71
7/19/16,0,79,91,68
7/20/16,0,79,88,69
7/21/16,1.03,81,91,72
7/22/16,0.01,79,90,72
7/23/16,1.11,85,91,70
7/24/16,0.94,78,93,71
7/25/16,0,79,89,72
7/26/16,0,79,88,69
7/27/16,0,79,89,68
7/28/16,0.66,77,84,70
7/29/16,0.11,73,81,70
7/30/16,0,72,78,68
7/31/16,0,73,81,65
8/1/16,0,75,84,65
8/2/16,0,77,87,67
8/3/16,0,80,90,69
8/4/16,0.02,81,91,70
8/5/16,0,78,86,72
8/6/16,0,76,84,66
8/7/16,0,75,83,62
8/8/16,0,77,84,72
8/9/16,0,78,88,67
8/10/16,0,80,89,69
8/11/16,0,82,92,73
8/12/16,0.96,80,83,74
8/13/16,0,77,84,72
8/14/16,0,77,87,65
8/15/16,0,74,78,67
8/16/16,0.02,76,88,71
8/17/16,0.05,77,88,70
8/18/16,0.75,77,85,70
8/19/16,0.07,75,84,66
8/20/16,0.47,75,80,63
8/21/16,0,66,76,58
8/22/16,0,67,78,56
8/23/16,0,71,81,60
8/24/16,0.23,75,84,70
8/25/16,0.09,76,85,67
8/26/16,0.14,72,81,66
8/27/16,0.84,74,84,67
8/28/16,0,77,83,71
8/29/16,0.43,76,86,70
8/30/16,0.19,76,84,70
8/31/16,0,73,76,63
9/1/16,0,67,73,62
9/2/16,0,68,74,62
9/3/16,0,68,76,56
9/4/16,0,69,80,59
9/5/16,0,73,87,62
9/6/16,0,82,91,75
9/7/16,0.39,83,89,74
9/8/16,0.05,76,82,70
9/9/16,0,74,81,63
9/10/16,0.01,69,73,59
9/11/16,0,65,76,51
9/12/16,0,67,79,54
9/13/16,0,72,85,65
9/14/16,0.09,69,74,64
9/15/16,0,68,78,60
9/16/16,0.01,72,83,65
9/17/16,0.04,74,82,62
9/18/16,0,69,81,57
9/19/16,0,71,88,56
9/20/16,0,75,83,66
9/21/16,0.55,70,74,65
9/22/16,0,71,81,64
9/23/16,0,72,73,67
9/24/16,0,69,74,66
9/25/16,0.01,72,85,63
9/26/16,0,66,69,56
9/27/16,0,60,70,51
9/28/16,0.31,56,60,50
9/29/16,0.2,61,65,59
9/30/16,0.1,62,64,60
10/1/16,0.94,61,64,57
10/2/16,0.03,60,65,56
10/3/16,0,62,67,57
10/4/16,0,65,75,60
10/5/16,0,69,80,59
10/6/16,0.25,66,74,58
10/7/16,0,65,70,47
10/8/16,0,52,65,40
10/9/16,0,56,63,47
10/10/16,0,56,71,45
10/11/16,0,63,73,54
10/12/16,0.14,62,69,45
10/13/16,0,48,57,38
10/14/16,0,50,66,38
10/15/16,0,58,70,53
10/16/16,0.29,69,72,65
10/17/16,0,72,82,67
10/18/16,0,74,76,55
10/19/16,0.02,60,71,49
10/20/16,0,55,56,45
10/21/16,0,48,54,37
10/22/16,0,47,60,37
10/23/16,0,55,73,41
10/24/16,0,54,59,39
10/25/16,0,46,54,36
10/26/16,1.6,48,51,45
10/27/16,0,48,51,42
10/28/16,0,49,65,38
10/29/16,0,66,71,56
10/30/16,0.5,54,56,41
10/31/16,0,48,61,38
11/1/16,0,65,75,61
11/2/16,0.18,62,65,55
11/3/16,0,56,67,48
11/4/16,0,53,63,40
11/5/16,0,55,68,43
11/6/16,0,56,69,42
11/7/16,0,54,66,42
11/8/16,0.03,56,63,49
11/9/16,0,49,58,41
11/10/16,0,49,63,41
11/11/16,0,50,52,37
11/12/16,0,42,52,31
11/13/16,0,45,56,35
11/14/16,0,48,60,41
11/15/16,0,46,54,38
11/16/16,0,48,60,39
11/17/16,0,55,72,44
11/18/16,0.2,62,66,39
11/19/16,0.01,38,39,28
11/20/16,0,29,35,23
11/21/16,0,30,41,22
11/22/16,0.02,33,41,25
11/23/16,0.21,40,44,37
11/24/16,0,40,43,35
11/25/16,0,37,42,31
11/26/16,0,38,47,32
11/27/16,0.05,38,44,32
11/28/16,0.99,44,51,41
11/29/16,0,50,57,44
11/30/16,0,41,45,34
12/1/16,0,38,41,35
12/2/16,0,37,40,34
12/3/16,0,33,34,29
12/4/16,0.5,31,33,27
12/5/16,0,32,34,31
12/6/16,0,33,41,25
12/7/16,0,26,27,22
12/8/16,0.01,21,24,17
12/9/16,0,23,25,18
12/10/16,0.12,20,23,18
12/11/16,0.44,26,33,23
12/12/16,0,25,32,7
12/13/16,0,15,22,2
12/14/16,0,10,19,3
12/15/16,0,4,9,-2
12/16/16,0.13,12,20,7
12/17/16,0.12,20,22,18
12/18/16,0.03,11,18,-7
12/19/16,0,-1,15,-13
12/20/16,0,20,28,14
12/21/16,0,26,36,19
12/22/16,0,34,37,24
12/23/16,0.1,31,35,27
12/24/16,0,35,38,33
12/25/16,0.09,33,39,32
12/26/16,0.23,45,54,28
12/27/16,0,28,28,19
12/28/16,0,30,45,19
12/29/16,0,34,35,30
12/30/16,0,29,38,24
12/31/16,0,35,40,23
1/1/17,0,27,40,17
1/2/17,0.11,34,40,25
1/3/17,0,38,39,19
1/4/17,0,18,19,7
1/5/17,0,9,13,3
1/6/17,0,4,9,0
1/7/17,0,6,18,0
1/8/17,0,9,19,2
1/9/17,0.02,22,33,19
1/10/17,0.2,38,51,25
1/11/17,0.33,32,43,25
1/12/17,0.05,26,28,19
1/13/17,0,20,27,16
1/14/17,0,29,35,21
1/15/17,0,26,36,20
1/16/17,0.9,33,37,30
1/17/17,0.48,37,39,35
1/18/17,0,35,36,30
1/19/17,0.46,36,42,30
1/20/17,0.18,39,43,38
1/21/17,0,48,59,40
1/22/17,0.01,43,46,38
1/23/17,0,39,42,36
1/24/17,0,37,38,34
1/25/17,0.09,37,42,34
1/26/17,0,33,34,30
1/27/17,0,28,31,24
1/28/17,0,27,29,24
1/29/17,0,27,28,21
1/30/17,0.01,22,37,15
1/31/17,0.03,36,39,35
2/1/17,0,35,38,21
2/2/17,0,21,24,14
2/3/17,0,19,28,14
2/4/17,0,22,33,10
2/5/17,0,33,38,24
2/6/17,0,33,55,21
2/7/17,0.47,44,50,32
2/8/17,0,31,32,19
2/9/17,0,19,25,13
2/10/17,0,26,41,18
2/11/17,0,41,49,34
2/12/17,0,39,47,31
2/13/17,0,35,44,25
2/14/17,0,40,50,31
2/15/17,0,33,35,26
2/16/17,0,33,41,30
2/17/17,0,43,67,27
2/18/17,0,58,70,40
2/19/17,0,51,69,35
2/20/17,0,53,70,41
2/21/17,0.04,60,66,49
2/22/17,0,58,68,50
2/23/17,0.21,52,59,38
2/24/17,0.15,39,40,33
2/25/17,0,29,33,23
2/26/17,0,32,49,21
2/27/17,0,41,54,27
2/28/17,0.65,51,60,47
3/1/17,0.12,47,54,32
3/2/17,0,32,35,27
3/3/17,0,27,33,21
3/4/17,0.01,33,42,28
3/5/17,0,41,60,32
3/6/17,0,55,65,52
3/7/17,0.24,55,65,44
3/8/17,0,46,53,40
3/9/17,0,39,42,29
3/10/17,0,32,36,23
3/11/17,0,24,32,18
3/12/17,0.05,26,36,18
3/13/17,0.24,29,31,27
3/14/17,0.19,25,28,19
3/15/17,0,24,33,16
3/16/17,0,29,42,18
3/17/17,0.03,38,50,36
3/18/17,0,42,45,32
3/19/17,0,41,53,29
3/20/17,0.13,49,54,37
3/21/17,0,44,54,33
3/22/17,0,33,37,28
3/23/17,0.02,37,50,29
3/24/17,0,58,82,42
3/25/17,0.71,43,47,41
3/26/17,0.3,51,62,47
3/27/17,0,50,52,42
3/28/17,0,44,50,36
3/29/17,0.11,41,49,35
3/30/17,1.84,43,45,39
3/31/17,0.02,39,44,36
4/1/17,0,45,59,34
4/2/17,0,50,61,42
4/3/17,0.19,50,54,46
4/4/17,0.02,49,56,43
4/5/17,1.04,45,47,40
4/6/17,0.29,43,51,38
4/7/17,0,44,54,37
4/8/17,0,50,68,37
4/9/17,0,64,77,57
4/10/17,0.32,69,78,41
4/11/17,0,47,54,41
4/12/17,0,48,59,38
4/13/17,0.19,50,60,44
4/14/17,0.06,54,66,47
4/15/17,0.09,70,82,61
4/16/17,0.59,68,73,52
4/17/17,0,59,69,44
4/18/17,0,55,76,41
4/19/17,0.01,65,70,45
4/20/17,0,56,73,48
4/21/17,0,50,53,44
4/22/17,0,50,60,38
4/23/17,0,54,72,37
4/24/17,0,55,73,40
4/25/17,0,64,79,52
4/26/17,0.22,69,74,60
4/27/17,0.14,54,62,41
4/28/17,0,48,60,40
4/29/17,1.95,45,46,40
4/30/17,1.32,44,47,42
5/1/17,0.09,50,57,45
5/2/17,0.01,46,51,41
5/3/17,0,48,56,35
5/4/17,0,49,54,43
5/5/17,0,49,61,41
5/6/17,0.11,51,58,44
5/7/17,0,48,59,36
5/8/17,0.02,46,57,34
5/9/17,0.13,48,61,42
5/10/17,0.87,55,67,44
5/11/17,0,55,65,49
5/12/17,0,59,73,45
5/13/17,0,62,82,47
5/14/17,0,62,71,51
5/15/17,0.02,62,82,50
5/16/17,0,74,87,61
5/17/17,0.37,78,84,62
5/18/17,0,74,78,48
5/19/17,0.23,48,50,43
5/20/17,0.34,51,64,48
5/21/17,0.05,61,65,51
5/22/17,0.01,58,73,48
5/23/17,0.33,61,62,55
5/24/17,0.17,57,62,53
5/25/17,0,59,69,52
5/26/17,0.53,60,71,52
5/27/17,0,62,78,52
5/28/17,0,68,77,56
5/29/17,0,69,77,55
5/30/17,0,64,74,54
5/31/17,0,64,74,52
6/1/17,0,66,81,51
6/2/17,0,71,86,53
6/3/17,0,73,84,57
6/4/17,0,80,92,66
6/5/17,0,70,75,59
6/6/17,0,65,76,54
6/7/17,0,67,77,56
6/8/17,0.06,69,83,53
6/9/17,0,74,87,65
6/10/17,0,76,90,64
6/11/17,0,82,93,73
6/12/17,0,85,95,73
6/13/17,0,80,88,68
6/14/17,0.59,77,92,68
6/15/17,0.07,76,91,68
6/16/17,0.22,77,86,67
6/17/17,0.42,78,87,69
6/18/17,0,74,79,69
6/19/17,0.03,70,80,62
6/20/17,0,67,80,58
6/21/17,0,68,80,55
6/22/17,0,78,88,68
6/23/17,0.71,77,83,66
6/24/17,0.02,70,75,59
6/25/17,0,64,72,54
6/26/17,0,64,75,54
6/27/17,0,65,78,50
6/28/17,1.3,68,80,58
6/29/17,0.02,74,81,66
6/30/17,0,73,84,64
7/1/17,0,75,82,66
7/2/17,0,74,89,62
7/3/17,0.04,73,80,66
7/4/17,0,72,83,64
7/5/17,0,76,89,65
7/6/17,0,81,93,69
7/7/17,0,81,89,63
7/8/17,0,71,80,62
7/9/17,0,73,86,63
7/10/17,0.73,77,84,67
7/11/17,0.56,76,85,70
7/12/17,1.77,75,81,68
7/13/17,0,78,83,72
7/14/17,0,71,73,63
7/15/17,0,70,81,60
7/16/17,0,72,78,60
7/17/17,0,67,79,56
7/18/17,0,74,89,60
7/19/17,0.48,80,88,70
7/20/17,1.77,77,88,69
7/21/17,1.43,80,89,72
7/22/17,0.66,77,88,72
7/23/17,0.21,79,90,70
7/24/17,0,71,74,66
7/25/17,0,71,82,61
7/26/17,0.03,75,85,65
7/27/17,0,78,82,70
7/28/17,0,74,79,67
7/29/17,0,72,79,64
7/30/17,0,73,84,62
7/31/17,0,76,86,65
8/1/17,0.92,76,86,67
8/2/17,0,77,87,66
8/3/17,0.88,75,84,61
8/4/17,0,63,68,56
8/5/17,0,68,80,60
8/6/17,0,71,77,63
8/7/17,0,69,76,61
8/8/17,0,70,84,58
8/9/17,0,73,83,61
8/10/17,0.03,74,84,62
8/11/17,0,71,78,65
8/12/17,0,68,77,60
8/13/17,0,69,80,57
8/14/17,0,72,83,62
8/15/17,0,75,84,68
8/16/17,0.17,75,88,67
8/17/17,0.02,77,82,72
8/18/17,0,74,82,67
8/19/17,0,74,86,63
8/20/17,0,75,90,63
8/21/17,0.03,78,87,71
8/22/17,0.02,76,82,64
8/23/17,0,70,79,60
8/24/17,0,67,75,56
8/25/17,0,64,74,52
8/26/17,0,67,78,56
8/27/17,0.01,68,78,62
8/28/17,0.36,70,80,64
8/29/17,0.07,68,76,61
8/30/17,0,70,82,60
8/31/17,0,69,73,64
9/1/17,0,64,69,50
9/2/17,0.25,62,75,50
9/3/17,0,68,84,57
9/4/17,0,73,82,62
9/5/17,0,63,70,54
9/6/17,0,58,67,49
9/7/17,0,60,71,52
9/8/17,0,62,69,58
9/9/17,0,63,72,54
9/10/17,0,61,70,50
9/11/17,0,62,75,52
9/12/17,0,65,77,54
9/13/17,0,66,77,58
9/14/17,0,68,81,59
9/15/17,0,73,87,62
9/16/17,0,77,88,65
9/17/17,0,77,86,63
9/18/17,0,68,77,58
9/19/17,0.07,70,79,64
9/20/17,0,75,92,62
9/21/17,0,83,94,72
9/22/17,0,84,94,71
9/23/17,0,83,95,72
9/24/17,0,81,93,70
9/25/17,0,79,92,67
9/26/17,0,80,92,70
9/27/17,0,70,72,56
9/28/17,0,62,74,53
9/29/17,0,64,70,56
9/30/17,0,61,68,53
10/1/17,0,59,72,48
10/2/17,0,69,83,58
10/3/17,0,73,78,67
10/4/17,0.03,71,76,58
10/5/17,0.01,65,77,54
10/6/17,0.3,64,69,60
10/7/17,0.43,69,79,60
10/8/17,0,65,78,54
10/9/17,0,66,81,52
10/10/17,0.78,62,63,58
10/11/17,0.79,59,62,56
10/12/17,0,58,60,56
10/13/17,0,61,73,55
10/14/17,4.19,64,66,62
10/15/17,0.2,60,68,47
10/16/17,0,52,63,43
10/17/17,0,57,70,49
10/18/17,0,59,71,47
10/19/17,0,61,70,51
10/20/17,0,61,78,51
10/21/17,0,67,77,60
10/22/17,0.37,66,70,51
10/23/17,0.73,52,54,50
10/24/17,0.87,48,50,42
10/25/17,0,44,53,38
10/26/17,0,47,60,36
10/27/17,0,45,52,38
10/28/17,0,38,40,36
10/29/17,0,40,46,33
10/30/17,0,45,50,37
10/31/17,0,38,40,34
11/1/17,0.23,39,44,36
11/2/17,0.02,47,51,44
11/3/17,0,44,48,38
11/4/17,0.48,46,50,42
11/5/17,0.02,49,52,42
11/6/17,0,41,43,32
11/7/17,0,40,45,32
11/8/17,0,37,46,29
11/9/17,0,39,46,21
11/10/17,0,24,30,18
11/11/17,0,29,38,26
11/12/17,0.13,38,40,36
11/13/17,0,36,40,31
11/14/17,0,39,49,30
11/15/17,0.17,48,52,35
11/16/17,0,36,38,33
11/17/17,0.14,38,48,35
11/18/17,0.54,43,48,35
11/19/17,0,35,37,30
11/20/17,0,38,52,30
11/21/17,0.02,43,44,27
11/22/17,0,29,35,22
11/23/17,0,36,46,32
11/24/17,0,44,63,32
11/25/17,0,49,55,32
11/26/17,0,38,49,27
11/27/17,0,44,57,31
11/28/17,0,55,61,43
11/29/17,0,43,47,34
11/30/17,0,46,54,39
12/1/17,0,41,53,28
12/2/17,0,42,54,33
12/3/17,0,43,58,29
12/4/17,0.16,55,65,44
12/5/17,0,41,44,27
12/6/17,0,31,35,26
12/7/17,0,25,29,19
12/8/17,0.01,25,37,18
12/9/17,0.03,30,32,20
12/10/17,0,26,35,20
12/11/17,0.08,31,39,23
12/12/17,0,24,31,17
12/13/17,0,26,38,22
12/14/17,0,24,27,16
12/15/17,0,26,37,21
12/16/17,0,38,46,27
12/17/17,0,35,42,29
12/18/17,0.01,42,46,39
12/19/17,0,43,50,35
12/20/17,0,34,37,27
12/21/17,0,35,40,32
12/22/17,0,38,39,33
12/23/17,0,31,33,19
12/24/17,0.18,21,22,18
12/25/17,0.01,16,21,2
12/26/17,0,2,5,-3
12/27/17,0,1,7,-4
12/28/17,0.03,6,15,0
12/29/17,0.08,12,15,9
12/30/17,0,9,15,-1
12/31/17,0,4,13,-1
1/1/18,0,-2,1,-9
1/2/18,0,-2,8,-9
1/3/18,0,11,17,6
1/4/18,0,7,12,0
1/5/18,0,5,11,-1
1/6/18,0,5,17,-2
1/7/18,0.03,17,33,8
1/8/18,0,34,37,31
1/9/18,0,31,36,26
1/10/18,0.01,37,56,30
1/11/18,0.36,56,59,23
1/12/18,0,23,23,14
1/13/18,0,13,16,6
1/14/18,0.08,12,21,5
1/15/18,0.14,19,24,10
1/16/18,0.01,15,26,9
1/17/18,0,13,20,4
1/18/18,0,21,32,16
1/19/18,0,32,40,28
1/20/18,0,39,45,32
1/21/18,0,40,44,36
1/22/18,0.81,47,54,38
1/23/18,0.07,35,39,28
1/24/18,0.02,29,30,27
1/25/18,0,31,43,24
1/26/18,0,41,51,33
1/27/18,0,47,50,36
1/28/18,0.01,35,40,28
1/29/18,0,27,30,17
1/30/18,0,21,31,15
1/31/18,0,35,42,31
2/1/18,0,28,35,8
2/2/18,0,11,22,5
2/3/18,0.03,26,41,22
2/4/18,0.08,26,35,4
2/5/18,0.22,6,12,-3
2/6/18,0.02,12,21,3
2/7/18,0.11,17,20,8
2/8/18,0.15,13,21,7
2/9/18,0.57,24,28,18
2/10/18,0.05,19,22,14
2/11/18,0.39,20,22,11
2/12/18,0,15,27,4
2/13/18,0,20,35,7
2/14/18,0,32,44,24
2/15/18,0,41,48,38
2/16/18,0,36,37,20
2/17/18,0.11,25,35,17
2/18/18,0.02,27,41,12
2/19/18,0.52,42,60,37
2/20/18,2.1,59,66,34
2/21/18,0.04,32,34,27
2/22/18,0,33,40,29
2/23/18,0.06,40,44,33
2/24/18,0.16,36,50,33
2/25/18,0.01,40,50,34
2/26/18,0,40,53,28
2/27/18,0,48,62,39
2/28/18,0,51,59,37
3/1/18,0.81,39,46,34